record_id,duration_hours,init_utc,valid_start_utc,valid_end_utc,model_id,threshold_mm,n_locations,n_events,brier_score,roc_auc,raw_brier_score,mean_crps_mm
6h_06471,6,2025-07-03T00:00:00Z,2025-07-03T18:00:00Z,2025-07-04T00:00:00Z,025,6.35,252,70,0.1813965219754954,0.7361067503924646,0.2896825396825397,3.6749879468785926
6h_06471,6,2025-07-03T00:00:00Z,2025-07-03T18:00:00Z,2025-07-04T00:00:00Z,0125,6.35,252,70,0.18955290206882838,0.7160910518053375,0.2896825396825397,3.775229298569511
6h_06471,6,2025-07-03T00:00:00Z,2025-07-03T18:00:00Z,2025-07-04T00:00:00Z,3km,6.35,252,70,0.1909467274794199,0.7004709576138147,0.2896825396825397,3.7984992716121266
6h_06471,6,2025-07-03T00:00:00Z,2025-07-03T18:00:00Z,2025-07-04T00:00:00Z,gnn_csgd,6.35,252,70,0.18615528188399963,0.7240973312401884,0.2896825396825397,3.725163864604543
6h_06471,6,2025-07-03T00:00:00Z,2025-07-03T18:00:00Z,2025-07-04T00:00:00Z,025,12.7,252,35,0.10990316179264856,0.7605003291639236,0.17063492063492064,3.6749879468785926
6h_06471,6,2025-07-03T00:00:00Z,2025-07-03T18:00:00Z,2025-07-04T00:00:00Z,0125,12.7,252,35,0.11215148381386687,0.7431204739960501,0.17063492063492064,3.775229298569511
6h_06471,6,2025-07-03T00:00:00Z,2025-07-03T18:00:00Z,2025-07-04T00:00:00Z,3km,12.7,252,35,0.11223542610953786,0.7269256089532588,0.17063492063492064,3.7984992716121266
6h_06471,6,2025-07-03T00:00:00Z,2025-07-03T18:00:00Z,2025-07-04T00:00:00Z,gnn_csgd,12.7,252,35,0.11302032429877938,0.7329822251481237,0.17063492063492064,3.725163864604543
6h_06471,6,2025-07-03T00:00:00Z,2025-07-03T18:00:00Z,2025-07-04T00:00:00Z,025,25.4,252,12,0.04415474251779678,0.7548611111111111,0.06349206349206349,3.6749879468785926
6h_06471,6,2025-07-03T00:00:00Z,2025-07-03T18:00:00Z,2025-07-04T00:00:00Z,0125,25.4,252,12,0.04426392458997816,0.74375,0.06349206349206349,3.775229298569511
6h_06471,6,2025-07-03T00:00:00Z,2025-07-03T18:00:00Z,2025-07-04T00:00:00Z,3km,25.4,252,12,0.0443610775100338,0.7243055555555555,0.06349206349206349,3.7984992716121266
6h_06471,6,2025-07-03T00:00:00Z,2025-07-03T18:00:00Z,2025-07-04T00:00:00Z,gnn_csgd,25.4,252,12,0.0443580452924693,0.7277777777777777,0.06349206349206349,3.725163864604543
6h_06471,6,2025-07-03T00:00:00Z,2025-07-03T18:00:00Z,2025-07-04T00:00:00Z,025,50.8,252,1,0.003949640662523243,0.8565737051792829,0.003968253968253968,3.6749879468785926
6h_06471,6,2025-07-03T00:00:00Z,2025-07-03T18:00:00Z,2025-07-04T00:00:00Z,0125,50.8,252,1,0.0039712444945544335,0.7450199203187251,0.003968253968253968,3.775229298569511
6h_06471,6,2025-07-03T00:00:00Z,2025-07-03T18:00:00Z,2025-07-04T00:00:00Z,3km,50.8,252,1,0.004001723987695242,0.6095617529880478,0.003968253968253968,3.7984992716121266
6h_06471,6,2025-07-03T00:00:00Z,2025-07-03T18:00:00Z,2025-07-04T00:00:00Z,gnn_csgd,50.8,252,1,0.003954874771717528,0.7649402390438247,0.003968253968253968,3.725163864604543
6h_06472,6,2025-07-03T00:00:00Z,2025-07-04T00:00:00Z,2025-07-04T06:00:00Z,025,6.35,252,83,0.24608180463181822,0.7148356740571754,0.32936507936507936,6.071098694374978
6h_06472,6,2025-07-03T00:00:00Z,2025-07-04T00:00:00Z,2025-07-04T06:00:00Z,0125,6.35,252,83,0.24461933653156087,0.7149069651386611,0.32936507936507936,6.04258062489929
6h_06472,6,2025-07-03T00:00:00Z,2025-07-04T00:00:00Z,2025-07-04T06:00:00Z,3km,6.35,252,83,0.24586758720680946,0.7167605332572895,0.32936507936507936,6.046756859315427
6h_06472,6,2025-07-03T00:00:00Z,2025-07-04T00:00:00Z,2025-07-04T06:00:00Z,gnn_csgd,6.35,252,83,0.236809772300093,0.7341555571398019,0.32936507936507936,5.8956663846039
6h_06472,6,2025-07-03T00:00:00Z,2025-07-04T00:00:00Z,2025-07-04T06:00:00Z,025,12.7,252,46,0.1540721894955334,0.7101097509497678,0.1865079365079365,6.071098694374978
6h_06472,6,2025-07-03T00:00:00Z,2025-07-04T00:00:00Z,2025-07-04T06:00:00Z,0125,12.7,252,46,0.15237470222994848,0.7297382861967074,0.1865079365079365,6.04258062489929
6h_06472,6,2025-07-03T00:00:00Z,2025-07-04T00:00:00Z,2025-07-04T06:00:00Z,3km,12.7,252,46,0.15212039847124006,0.7370198395947657,0.1865079365079365,6.046756859315427
6h_06472,6,2025-07-03T00:00:00Z,2025-07-04T00:00:00Z,2025-07-04T06:00:00Z,gnn_csgd,12.7,252,46,0.15229252834112725,0.7057830308146897,0.1865079365079365,5.8956663846039
6h_06472,6,2025-07-03T00:00:00Z,2025-07-04T00:00:00Z,2025-07-04T06:00:00Z,025,25.4,252,20,0.07387615721748811,0.6741379310344827,0.0873015873015873,6.071098694374978
6h_06472,6,2025-07-03T00:00:00Z,2025-07-04T00:00:00Z,2025-07-04T06:00:00Z,0125,25.4,252,20,0.0737840110244533,0.6773706896551724,0.0873015873015873,6.04258062489929
6h_06472,6,2025-07-03T00:00:00Z,2025-07-04T00:00:00Z,2025-07-04T06:00:00Z,3km,25.4,252,20,0.07356225596895614,0.6885775862068966,0.0873015873015873,6.046756859315427
6h_06472,6,2025-07-03T00:00:00Z,2025-07-04T00:00:00Z,2025-07-04T06:00:00Z,gnn_csgd,25.4,252,20,0.07330991233265548,0.7058189655172413,0.0873015873015873,5.8956663846039
6h_06472,6,2025-07-03T00:00:00Z,2025-07-04T00:00:00Z,2025-07-04T06:00:00Z,025,50.8,252,6,0.02322504893141228,0.7262872628726287,0.023809523809523808,6.071098694374978
6h_06472,6,2025-07-03T00:00:00Z,2025-07-04T00:00:00Z,2025-07-04T06:00:00Z,0125,50.8,252,6,0.02327618158425195,0.6924119241192412,0.023809523809523808,6.04258062489929
6h_06472,6,2025-07-03T00:00:00Z,2025-07-04T00:00:00Z,2025-07-04T06:00:00Z,3km,50.8,252,6,0.023195655448658602,0.7317073170731707,0.023809523809523808,6.046756859315427
6h_06472,6,2025-07-03T00:00:00Z,2025-07-04T00:00:00Z,2025-07-04T06:00:00Z,gnn_csgd,50.8,252,6,0.023306855009943655,0.7046070460704607,0.023809523809523808,5.8956663846039
6h_06473,6,2025-07-03T00:00:00Z,2025-07-04T06:00:00Z,2025-07-04T12:00:00Z,025,6.35,252,74,0.17336008174868303,0.8583358639538414,0.2261904761904762,10.78987033976954
6h_06473,6,2025-07-03T00:00:00Z,2025-07-04T06:00:00Z,2025-07-04T12:00:00Z,0125,6.35,252,74,0.174831177313659,0.8640297600971758,0.2261904761904762,10.825306128340634
6h_06473,6,2025-07-03T00:00:00Z,2025-07-04T06:00:00Z,2025-07-04T12:00:00Z,3km,6.35,252,74,0.177876251760933,0.8597023990282417,0.2261904761904762,10.972064252319376
6h_06473,6,2025-07-03T00:00:00Z,2025-07-04T06:00:00Z,2025-07-04T12:00:00Z,gnn_csgd,6.35,252,74,0.17294085321653774,0.8505162465836623,0.2261904761904762,10.816131168473678
6h_06473,6,2025-07-03T00:00:00Z,2025-07-04T06:00:00Z,2025-07-04T12:00:00Z,025,12.7,252,52,0.1385014821389971,0.8782692307692308,0.17857142857142858,10.78987033976954
6h_06473,6,2025-07-03T00:00:00Z,2025-07-04T06:00:00Z,2025-07-04T12:00:00Z,0125,12.7,252,52,0.1402026431848601,0.87875,0.17857142857142858,10.825306128340634
6h_06473,6,2025-07-03T00:00:00Z,2025-07-04T06:00:00Z,2025-07-04T12:00:00Z,3km,12.7,252,52,0.14335585228066614,0.8769230769230769,0.17857142857142858,10.972064252319376
6h_06473,6,2025-07-03T00:00:00Z,2025-07-04T06:00:00Z,2025-07-04T12:00:00Z,gnn_csgd,12.7,252,52,0.14077465888880208,0.8695192307692308,0.17857142857142858,10.816131168473678
6h_06473,6,2025-07-03T00:00:00Z,2025-07-04T06:00:00Z,2025-07-04T12:00:00Z,025,25.4,252,38,0.12226026246105257,0.8518199704869651,0.14682539682539683,10.78987033976954
6h_06473,6,2025-07-03T00:00:00Z,2025-07-04T06:00:00Z,2025-07-04T12:00:00Z,0125,25.4,252,38,0.1229474363501283,0.8518199704869651,0.14682539682539683,10.825306128340634
6h_06473,6,2025-07-03T00:00:00Z,2025-07-04T06:00:00Z,2025-07-04T12:00:00Z,3km,25.4,252,38,0.12550051801161996,0.8429660600098376,0.14682539682539683,10.972064252319376
6h_06473,6,2025-07-03T00:00:00Z,2025-07-04T06:00:00Z,2025-07-04T12:00:00Z,gnn_csgd,25.4,252,38,0.12386607456458777,0.8392769306443679,0.14682539682539683,10.816131168473678
6h_06473,6,2025-07-03T00:00:00Z,2025-07-04T06:00:00Z,2025-07-04T12:00:00Z,025,50.8,252,21,0.0769262541147075,0.8218923933209648,0.0873015873015873,10.78987033976954
6h_06473,6,2025-07-03T00:00:00Z,2025-07-04T06:00:00Z,2025-07-04T12:00:00Z,0125,50.8,252,21,0.07690032901709296,0.8295196866625438,0.0873015873015873,10.825306128340634
6h_06473,6,2025-07-03T00:00:00Z,2025-07-04T06:00:00Z,2025-07-04T12:00:00Z,3km,50.8,252,21,0.0779807222061707,0.8169449598021027,0.0873015873015873,10.972064252319376
6h_06473,6,2025-07-03T00:00:00Z,2025-07-04T06:00:00Z,2025-07-04T12:00:00Z,gnn_csgd,50.8,252,21,0.07730343268475624,0.8334364048649763,0.0873015873015873,10.816131168473678
6h_06474,6,2025-07-03T00:00:00Z,2025-07-04T12:00:00Z,2025-07-04T18:00:00Z,025,6.35,252,62,0.22069666169044885,0.6107809847198642,0.30952380952380953,7.5050013358761
6h_06474,6,2025-07-03T00:00:00Z,2025-07-04T12:00:00Z,2025-07-04T18:00:00Z,0125,6.35,252,62,0.22347844657206406,0.6034804753820034,0.30952380952380953,7.550551148847287
6h_06474,6,2025-07-03T00:00:00Z,2025-07-04T12:00:00Z,2025-07-04T18:00:00Z,3km,6.35,252,62,0.22478061038272154,0.5952461799660441,0.30952380952380953,7.57991139405924
6h_06474,6,2025-07-03T00:00:00Z,2025-07-04T12:00:00Z,2025-07-04T18:00:00Z,gnn_csgd,6.35,252,62,0.21146165812767273,0.634804753820034,0.30952380952380953,7.326781139333016
6h_06474,6,2025-07-03T00:00:00Z,2025-07-04T12:00:00Z,2025-07-04T18:00:00Z,025,12.7,252,49,0.18413388725747856,0.6142555544385242,0.24206349206349206,7.5050013358761
6h_06474,6,2025-07-03T00:00:00Z,2025-07-04T12:00:00Z,2025-07-04T18:00:00Z,0125,12.7,252,49,0.1852658488404216,0.6098321101839751,0.24206349206349206,7.550551148847287
6h_06474,6,2025-07-03T00:00:00Z,2025-07-04T12:00:00Z,2025-07-04T18:00:00Z,3km,12.7,252,49,0.18578338911710976,0.5987734995476023,0.24206349206349206,7.57991139405924
6h_06474,6,2025-07-03T00:00:00Z,2025-07-04T12:00:00Z,2025-07-04T18:00:00Z,gnn_csgd,12.7,252,49,0.17854656291483983,0.6379813008947421,0.24206349206349206,7.326781139333016
6h_06474,6,2025-07-03T00:00:00Z,2025-07-04T12:00:00Z,2025-07-04T18:00:00Z,025,25.4,252,30,0.11671993098819246,0.6121621621621621,0.15873015873015872,7.5050013358761
6h_06474,6,2025-07-03T00:00:00Z,2025-07-04T12:00:00Z,2025-07-04T18:00:00Z,0125,25.4,252,30,0.11695794378098703,0.6157657657657658,0.15873015873015872,7.550551148847287
6h_06474,6,2025-07-03T00:00:00Z,2025-07-04T12:00:00Z,2025-07-04T18:00:00Z,3km,25.4,252,30,0.1169235566212014,0.609009009009009,0.15873015873015872,7.57991139405924
6h_06474,6,2025-07-03T00:00:00Z,2025-07-04T12:00:00Z,2025-07-04T18:00:00Z,gnn_csgd,25.4,252,30,0.11502343050987453,0.6294294294294295,0.15873015873015872,7.326781139333016
6h_06474,6,2025-07-03T00:00:00Z,2025-07-04T12:00:00Z,2025-07-04T18:00:00Z,025,50.8,252,12,0.047486652604804704,0.6677083333333333,0.05952380952380952,7.5050013358761
6h_06474,6,2025-07-03T00:00:00Z,2025-07-04T12:00:00Z,2025-07-04T18:00:00Z,0125,50.8,252,12,0.047474069480531636,0.6746527777777778,0.05952380952380952,7.550551148847287
6h_06474,6,2025-07-03T00:00:00Z,2025-07-04T12:00:00Z,2025-07-04T18:00:00Z,3km,50.8,252,12,0.04746459453914477,0.6756944444444445,0.05952380952380952,7.57991139405924
6h_06474,6,2025-07-03T00:00:00Z,2025-07-04T12:00:00Z,2025-07-04T18:00:00Z,gnn_csgd,50.8,252,12,0.04728877309643795,0.640625,0.05952380952380952,7.326781139333016
6h_06475,6,2025-07-04T00:00:00Z,2025-07-04T18:00:00Z,2025-07-05T00:00:00Z,025,6.35,252,67,0.1754333185171578,0.7931423961274707,0.26587301587301587,3.6239144201795055
6h_06475,6,2025-07-04T00:00:00Z,2025-07-04T18:00:00Z,2025-07-05T00:00:00Z,0125,6.35,252,67,0.1749857715646944,0.7961274707543364,0.26587301587301587,3.6285898177927867
6h_06475,6,2025-07-04T00:00:00Z,2025-07-04T18:00:00Z,2025-07-05T00:00:00Z,3km,6.35,252,67,0.17583725434771535,0.790399354578459,0.26587301587301587,3.641756996115186
6h_06475,6,2025-07-04T00:00:00Z,2025-07-04T18:00:00Z,2025-07-05T00:00:00Z,gnn_csgd,6.35,252,67,0.1699222935771665,0.8061315046389673,0.26587301587301587,3.5570692554002075
6h_06475,6,2025-07-04T00:00:00Z,2025-07-04T18:00:00Z,2025-07-05T00:00:00Z,025,12.7,252,39,0.12122191721808803,0.7741663657156614,0.19047619047619047,3.6239144201795055
6h_06475,6,2025-07-04T00:00:00Z,2025-07-04T18:00:00Z,2025-07-05T00:00:00Z,0125,12.7,252,39,0.12152734847858643,0.7746478873239436,0.19047619047619047,3.6285898177927867
6h_06475,6,2025-07-04T00:00:00Z,2025-07-04T18:00:00Z,2025-07-05T00:00:00Z,3km,12.7,252,39,0.12052740346699685,0.7706753340556157,0.19047619047619047,3.641756996115186
6h_06475,6,2025-07-04T00:00:00Z,2025-07-04T18:00:00Z,2025-07-05T00:00:00Z,gnn_csgd,12.7,252,39,0.12047679706056483,0.7805465270254003,0.19047619047619047,3.5570692554002075
6h_06475,6,2025-07-04T00:00:00Z,2025-07-04T18:00:00Z,2025-07-05T00:00:00Z,025,25.4,252,12,0.04375576780798741,0.7472222222222222,0.12301587301587301,3.6239144201795055
6h_06475,6,2025-07-04T00:00:00Z,2025-07-04T18:00:00Z,2025-07-05T00:00:00Z,0125,25.4,252,12,0.04417870221501291,0.7347222222222223,0.12301587301587301,3.6285898177927867
6h_06475,6,2025-07-04T00:00:00Z,2025-07-04T18:00:00Z,2025-07-05T00:00:00Z,3km,25.4,252,12,0.04429378573207547,0.7357638888888889,0.12301587301587301,3.641756996115186
6h_06475,6,2025-07-04T00:00:00Z,2025-07-04T18:00:00Z,2025-07-05T00:00:00Z,gnn_csgd,25.4,252,12,0.0439522843144758,0.7465277777777778,0.12301587301587301,3.5570692554002075
6h_06475,6,2025-07-04T00:00:00Z,2025-07-04T18:00:00Z,2025-07-05T00:00:00Z,025,50.8,252,2,0.007790446861616181,0.83,0.027777777777777776,3.6239144201795055
6h_06475,6,2025-07-04T00:00:00Z,2025-07-04T18:00:00Z,2025-07-05T00:00:00Z,0125,50.8,252,2,0.007796374075283852,0.804,0.027777777777777776,3.6285898177927867
6h_06475,6,2025-07-04T00:00:00Z,2025-07-04T18:00:00Z,2025-07-05T00:00:00Z,3km,50.8,252,2,0.00789995826944003,0.738,0.027777777777777776,3.641756996115186
6h_06475,6,2025-07-04T00:00:00Z,2025-07-04T18:00:00Z,2025-07-05T00:00:00Z,gnn_csgd,50.8,252,2,0.007943084340107681,0.63,0.027777777777777776,3.5570692554002075
6h_06476,6,2025-07-04T00:00:00Z,2025-07-05T00:00:00Z,2025-07-05T06:00:00Z,025,6.35,252,8,0.0308763115389376,0.757172131147541,0.07539682539682539,1.185180893457311
6h_06476,6,2025-07-04T00:00:00Z,2025-07-05T00:00:00Z,2025-07-05T06:00:00Z,0125,6.35,252,8,0.030299384440277372,0.7838114754098361,0.07539682539682539,1.1884367762425796
6h_06476,6,2025-07-04T00:00:00Z,2025-07-05T00:00:00Z,2025-07-05T06:00:00Z,3km,6.35,252,8,0.030566053575720873,0.7628073770491803,0.07539682539682539,1.1923168466291671
6h_06476,6,2025-07-04T00:00:00Z,2025-07-05T00:00:00Z,2025-07-05T06:00:00Z,gnn_csgd,6.35,252,8,0.029512337076469428,0.8324795081967213,0.07539682539682539,1.15151776768483
6h_06476,6,2025-07-04T00:00:00Z,2025-07-05T00:00:00Z,2025-07-05T06:00:00Z,025,12.7,252,4,0.016148982617855124,0.7006048387096774,0.03968253968253968,1.185180893457311
6h_06476,6,2025-07-04T00:00:00Z,2025-07-05T00:00:00Z,2025-07-05T06:00:00Z,0125,12.7,252,4,0.015997673513239292,0.7157258064516129,0.03968253968253968,1.1884367762425796
6h_06476,6,2025-07-04T00:00:00Z,2025-07-05T00:00:00Z,2025-07-05T06:00:00Z,3km,12.7,252,4,0.016156229595035723,0.688508064516129,0.03968253968253968,1.1923168466291671
6h_06476,6,2025-07-04T00:00:00Z,2025-07-05T00:00:00Z,2025-07-05T06:00:00Z,gnn_csgd,12.7,252,4,0.015427373723396785,0.8094758064516129,0.03968253968253968,1.15151776768483
6h_06476,6,2025-07-04T00:00:00Z,2025-07-05T00:00:00Z,2025-07-05T06:00:00Z,025,25.4,252,1,0.004103118698073071,0.6932270916334662,0.011904761904761904,1.185180893457311
6h_06476,6,2025-07-04T00:00:00Z,2025-07-05T00:00:00Z,2025-07-05T06:00:00Z,0125,25.4,252,1,0.00406312904913122,0.7211155378486056,0.011904761904761904,1.1884367762425796
6h_06476,6,2025-07-04T00:00:00Z,2025-07-05T00:00:00Z,2025-07-05T06:00:00Z,3km,25.4,252,1,0.0041014339670582935,0.7131474103585658,0.011904761904761904,1.1923168466291671
6h_06476,6,2025-07-04T00:00:00Z,2025-07-05T00:00:00Z,2025-07-05T06:00:00Z,gnn_csgd,25.4,252,1,0.004010191305413025,0.7729083665338645,0.011904761904761904,1.15151776768483
6h_06476,6,2025-07-04T00:00:00Z,2025-07-05T00:00:00Z,2025-07-05T06:00:00Z,025,50.8,252,1,0.003966450268144774,0.701195219123506,0.007936507936507936,1.185180893457311
6h_06476,6,2025-07-04T00:00:00Z,2025-07-05T00:00:00Z,2025-07-05T06:00:00Z,0125,50.8,252,1,0.003966784892682024,0.7051792828685259,0.007936507936507936,1.1884367762425796
6h_06476,6,2025-07-04T00:00:00Z,2025-07-05T00:00:00Z,2025-07-05T06:00:00Z,3km,50.8,252,1,0.003974542422272294,0.6932270916334662,0.007936507936507936,1.1923168466291671
6h_06476,6,2025-07-04T00:00:00Z,2025-07-05T00:00:00Z,2025-07-05T06:00:00Z,gnn_csgd,50.8,252,1,0.0039427264816082,0.7928286852589641,0.007936507936507936,1.15151776768483
6h_06477,6,2025-07-04T00:00:00Z,2025-07-05T06:00:00Z,2025-07-05T12:00:00Z,025,6.35,252,25,0.08811550947754807,0.8718942731277532,0.10714285714285714,3.845903031224504
6h_06477,6,2025-07-04T00:00:00Z,2025-07-05T06:00:00Z,2025-07-05T12:00:00Z,0125,6.35,252,25,0.08851675775969281,0.8844052863436124,0.10714285714285714,3.8607941173764613
6h_06477,6,2025-07-04T00:00:00Z,2025-07-05T06:00:00Z,2025-07-05T12:00:00Z,3km,6.35,252,25,0.08668321224179454,0.9013215859030838,0.10714285714285714,3.818915076366349
6h_06477,6,2025-07-04T00:00:00Z,2025-07-05T06:00:00Z,2025-07-05T12:00:00Z,gnn_csgd,6.35,252,25,0.08961008171559172,0.8833480176211453,0.10714285714285714,3.8891465153326923
6h_06477,6,2025-07-04T00:00:00Z,2025-07-05T06:00:00Z,2025-07-05T12:00:00Z,025,12.7,252,20,0.07471187854958998,0.8657327586206897,0.07936507936507936,3.845903031224504
6h_06477,6,2025-07-04T00:00:00Z,2025-07-05T06:00:00Z,2025-07-05T12:00:00Z,0125,12.7,252,20,0.07483878088273908,0.88125,0.07936507936507936,3.8607941173764613
6h_06477,6,2025-07-04T00:00:00Z,2025-07-05T06:00:00Z,2025-07-05T12:00:00Z,3km,12.7,252,20,0.07380106982035518,0.8980603448275862,0.07936507936507936,3.818915076366349
6h_06477,6,2025-07-04T00:00:00Z,2025-07-05T06:00:00Z,2025-07-05T12:00:00Z,gnn_csgd,12.7,252,20,0.07525343194978677,0.8842672413793103,0.07936507936507936,3.8891465153326923
6h_06477,6,2025-07-04T00:00:00Z,2025-07-05T06:00:00Z,2025-07-05T12:00:00Z,025,25.4,252,7,0.027282799320081756,0.8192419825072886,0.027777777777777776,3.845903031224504
6h_06477,6,2025-07-04T00:00:00Z,2025-07-05T06:00:00Z,2025-07-05T12:00:00Z,0125,25.4,252,7,0.02735299125005124,0.8087463556851312,0.027777777777777776,3.8607941173764613
6h_06477,6,2025-07-04T00:00:00Z,2025-07-05T06:00:00Z,2025-07-05T12:00:00Z,3km,25.4,252,7,0.02714636657889782,0.8623906705539358,0.027777777777777776,3.818915076366349
6h_06477,6,2025-07-04T00:00:00Z,2025-07-05T06:00:00Z,2025-07-05T12:00:00Z,gnn_csgd,25.4,252,7,0.02733926351458998,0.8326530612244898,0.027777777777777776,3.8891465153326923
6h_06477,6,2025-07-04T00:00:00Z,2025-07-05T06:00:00Z,2025-07-05T12:00:00Z,025,50.8,252,4,0.015836742705012903,0.78125,0.015873015873015872,3.845903031224504
6h_06477,6,2025-07-04T00:00:00Z,2025-07-05T06:00:00Z,2025-07-05T12:00:00Z,0125,50.8,252,4,0.015844626003229417,0.7731854838709677,0.015873015873015872,3.8607941173764613
6h_06477,6,2025-07-04T00:00:00Z,2025-07-05T06:00:00Z,2025-07-05T12:00:00Z,3km,50.8,252,4,0.015824914989659832,0.8245967741935484,0.015873015873015872,3.818915076366349
6h_06477,6,2025-07-04T00:00:00Z,2025-07-05T06:00:00Z,2025-07-05T12:00:00Z,gnn_csgd,50.8,252,4,0.01583269661666319,0.8165322580645161,0.015873015873015872,3.8891465153326923
6h_06478,6,2025-07-04T00:00:00Z,2025-07-05T12:00:00Z,2025-07-05T18:00:00Z,025,6.35,252,63,0.17502480416076,0.8562190308222054,0.21825396825396826,4.94793883537046
6h_06478,6,2025-07-04T00:00:00Z,2025-07-05T12:00:00Z,2025-07-05T18:00:00Z,0125,6.35,252,63,0.1743587744045569,0.8538674729150919,0.21825396825396826,4.944123312446795
6h_06478,6,2025-07-04T00:00:00Z,2025-07-05T12:00:00Z,2025-07-05T18:00:00Z,3km,6.35,252,63,0.1732396360558974,0.8561350466112371,0.21825396825396826,4.919425942696903
6h_06478,6,2025-07-04T00:00:00Z,2025-07-05T12:00:00Z,2025-07-05T18:00:00Z,gnn_csgd,6.35,252,63,0.16770890943782252,0.890148652053414,0.21825396825396826,4.872323516806789
6h_06478,6,2025-07-04T00:00:00Z,2025-07-05T12:00:00Z,2025-07-05T18:00:00Z,025,12.7,252,41,0.13083596551008192,0.8318113512888683,0.1626984126984127,4.94793883537046
6h_06478,6,2025-07-04T00:00:00Z,2025-07-05T12:00:00Z,2025-07-05T18:00:00Z,0125,12.7,252,41,0.13078264478150758,0.8294994798289215,0.1626984126984127,4.944123312446795
6h_06478,6,2025-07-04T00:00:00Z,2025-07-05T12:00:00Z,2025-07-05T18:00:00Z,3km,12.7,252,41,0.1299787014320881,0.8301930412669055,0.1626984126984127,4.919425942696903
6h_06478,6,2025-07-04T00:00:00Z,2025-07-05T12:00:00Z,2025-07-05T18:00:00Z,gnn_csgd,12.7,252,41,0.12871142936548796,0.860478557392209,0.1626984126984127,4.872323516806789
6h_06478,6,2025-07-04T00:00:00Z,2025-07-05T12:00:00Z,2025-07-05T18:00:00Z,025,25.4,252,23,0.0800990075083919,0.8678564647807101,0.10317460317460317,4.94793883537046
6h_06478,6,2025-07-04T00:00:00Z,2025-07-05T12:00:00Z,2025-07-05T18:00:00Z,0125,25.4,252,23,0.0796547406078312,0.8653882665654072,0.10317460317460317,4.944123312446795
6h_06478,6,2025-07-04T00:00:00Z,2025-07-05T12:00:00Z,2025-07-05T18:00:00Z,3km,25.4,252,23,0.07928517585257168,0.8661477121701158,0.10317460317460317,4.919425942696903
6h_06478,6,2025-07-04T00:00:00Z,2025-07-05T12:00:00Z,2025-07-05T18:00:00Z,gnn_csgd,25.4,252,23,0.08075818459143527,0.8669071577748244,0.10317460317460317,4.872323516806789
6h_06478,6,2025-07-04T00:00:00Z,2025-07-05T12:00:00Z,2025-07-05T18:00:00Z,025,50.8,252,7,0.026691537989120263,0.892128279883382,0.047619047619047616,4.94793883537046
6h_06478,6,2025-07-04T00:00:00Z,2025-07-05T12:00:00Z,2025-07-05T18:00:00Z,0125,50.8,252,7,0.026619027580415927,0.8833819241982507,0.047619047619047616,4.944123312446795
6h_06478,6,2025-07-04T00:00:00Z,2025-07-05T12:00:00Z,2025-07-05T18:00:00Z,3km,50.8,252,7,0.026564591304190886,0.8973760932944607,0.047619047619047616,4.919425942696903
6h_06478,6,2025-07-04T00:00:00Z,2025-07-05T12:00:00Z,2025-07-05T18:00:00Z,gnn_csgd,50.8,252,7,0.026893074015960652,0.8629737609329446,0.047619047619047616,4.872323516806789
6h_06479,6,2025-07-05T00:00:00Z,2025-07-05T18:00:00Z,2025-07-06T00:00:00Z,025,6.35,252,36,0.09867082673805075,0.8536522633744856,0.20634920634920634,2.195137742964809
6h_06479,6,2025-07-05T00:00:00Z,2025-07-05T18:00:00Z,2025-07-06T00:00:00Z,0125,6.35,252,36,0.09766729961437924,0.8546810699588477,0.20634920634920634,2.182722924955066
6h_06479,6,2025-07-05T00:00:00Z,2025-07-05T18:00:00Z,2025-07-06T00:00:00Z,3km,6.35,252,36,0.09829683304874305,0.852880658436214,0.20634920634920634,2.186606598451525
6h_06479,6,2025-07-05T00:00:00Z,2025-07-05T18:00:00Z,2025-07-06T00:00:00Z,gnn_csgd,6.35,252,36,0.10028204209969215,0.8442644032921811,0.20634920634920634,2.2203389216226412
6h_06479,6,2025-07-05T00:00:00Z,2025-07-05T18:00:00Z,2025-07-06T00:00:00Z,025,12.7,252,17,0.05575385232084275,0.8573216520650814,0.14682539682539683,2.195137742964809
6h_06479,6,2025-07-05T00:00:00Z,2025-07-05T18:00:00Z,2025-07-06T00:00:00Z,0125,12.7,252,17,0.055712492437055464,0.8493116395494368,0.14682539682539683,2.182722924955066
6h_06479,6,2025-07-05T00:00:00Z,2025-07-05T18:00:00Z,2025-07-06T00:00:00Z,3km,12.7,252,17,0.05525967861525517,0.8605757196495619,0.14682539682539683,2.186606598451525
6h_06479,6,2025-07-05T00:00:00Z,2025-07-05T18:00:00Z,2025-07-06T00:00:00Z,gnn_csgd,12.7,252,17,0.05671276987560603,0.8643304130162703,0.14682539682539683,2.2203389216226412
6h_06479,6,2025-07-05T00:00:00Z,2025-07-05T18:00:00Z,2025-07-06T00:00:00Z,025,25.4,252,7,0.024978498511373886,0.9002915451895044,0.07539682539682539,2.195137742964809
6h_06479,6,2025-07-05T00:00:00Z,2025-07-05T18:00:00Z,2025-07-06T00:00:00Z,0125,25.4,252,7,0.024806268364524178,0.8967930029154519,0.07539682539682539,2.182722924955066
6h_06479,6,2025-07-05T00:00:00Z,2025-07-05T18:00:00Z,2025-07-06T00:00:00Z,3km,25.4,252,7,0.02451712110794091,0.9037900874635568,0.07539682539682539,2.186606598451525
6h_06479,6,2025-07-05T00:00:00Z,2025-07-05T18:00:00Z,2025-07-06T00:00:00Z,gnn_csgd,25.4,252,7,0.025196276810344684,0.9107871720116618,0.07539682539682539,2.2203389216226412
6h_06479,6,2025-07-05T00:00:00Z,2025-07-05T18:00:00Z,2025-07-06T00:00:00Z,025,50.8,252,1,0.003702699356191846,1.0,0.027777777777777776,2.195137742964809
6h_06479,6,2025-07-05T00:00:00Z,2025-07-05T18:00:00Z,2025-07-06T00:00:00Z,0125,50.8,252,1,0.003706050712717249,1.0,0.027777777777777776,2.182722924955066
6h_06479,6,2025-07-05T00:00:00Z,2025-07-05T18:00:00Z,2025-07-06T00:00:00Z,3km,50.8,252,1,0.0038066101730536627,0.9920318725099602,0.027777777777777776,2.186606598451525
6h_06479,6,2025-07-05T00:00:00Z,2025-07-05T18:00:00Z,2025-07-06T00:00:00Z,gnn_csgd,50.8,252,1,0.003895340662208298,0.9920318725099602,0.027777777777777776,2.2203389216226412
6h_06480,6,2025-07-05T00:00:00Z,2025-07-06T00:00:00Z,2025-07-06T06:00:00Z,025,6.35,252,1,0.016176092448594304,0.8924302788844621,0.11507936507936507,0.46538940931081063
6h_06480,6,2025-07-05T00:00:00Z,2025-07-06T00:00:00Z,2025-07-06T06:00:00Z,0125,6.35,252,1,0.016507106720125574,0.9043824701195219,0.11507936507936507,0.47800836462638563
6h_06480,6,2025-07-05T00:00:00Z,2025-07-06T00:00:00Z,2025-07-06T06:00:00Z,3km,6.35,252,1,0.015848801953619145,0.9282868525896414,0.11507936507936507,0.4655151463542343
6h_06480,6,2025-07-05T00:00:00Z,2025-07-06T00:00:00Z,2025-07-06T06:00:00Z,gnn_csgd,6.35,252,1,0.015252233252029119,0.9601593625498008,0.11507936507936507,0.45248579185669097
6h_06480,6,2025-07-05T00:00:00Z,2025-07-06T00:00:00Z,2025-07-06T06:00:00Z,025,12.7,252,0,0.004580429520451465,,0.06746031746031746,0.46538940931081063
6h_06480,6,2025-07-05T00:00:00Z,2025-07-06T00:00:00Z,2025-07-06T06:00:00Z,0125,12.7,252,0,0.00499457069432769,,0.06746031746031746,0.47800836462638563
6h_06480,6,2025-07-05T00:00:00Z,2025-07-06T00:00:00Z,2025-07-06T06:00:00Z,3km,12.7,252,0,0.004654883132330876,,0.06746031746031746,0.4655151463542343
6h_06480,6,2025-07-05T00:00:00Z,2025-07-06T00:00:00Z,2025-07-06T06:00:00Z,gnn_csgd,12.7,252,0,0.004145187528578861,,0.06746031746031746,0.45248579185669097
6h_06480,6,2025-07-05T00:00:00Z,2025-07-06T00:00:00Z,2025-07-06T06:00:00Z,025,25.4,252,0,0.0008623905997788214,,0.023809523809523808,0.46538940931081063
6h_06480,6,2025-07-05T00:00:00Z,2025-07-06T00:00:00Z,2025-07-06T06:00:00Z,0125,25.4,252,0,0.001041628041726574,,0.023809523809523808,0.47800836462638563
6h_06480,6,2025-07-05T00:00:00Z,2025-07-06T00:00:00Z,2025-07-06T06:00:00Z,3km,25.4,252,0,0.0009332213000123013,,0.023809523809523808,0.4655151463542343
6h_06480,6,2025-07-05T00:00:00Z,2025-07-06T00:00:00Z,2025-07-06T06:00:00Z,gnn_csgd,25.4,252,0,0.0007208474303128362,,0.023809523809523808,0.45248579185669097
6h_06480,6,2025-07-05T00:00:00Z,2025-07-06T00:00:00Z,2025-07-06T06:00:00Z,025,50.8,252,0,5.84098912012094e-05,,0.0,0.46538940931081063
6h_06480,6,2025-07-05T00:00:00Z,2025-07-06T00:00:00Z,2025-07-06T06:00:00Z,0125,50.8,252,0,8.465919489556864e-05,,0.0,0.47800836462638563
6h_06480,6,2025-07-05T00:00:00Z,2025-07-06T00:00:00Z,2025-07-06T06:00:00Z,3km,50.8,252,0,7.125298370975145e-05,,0.0,0.4655151463542343
6h_06480,6,2025-07-05T00:00:00Z,2025-07-06T00:00:00Z,2025-07-06T06:00:00Z,gnn_csgd,50.8,252,0,4.172214687193386e-05,,0.0,0.45248579185669097
6h_06481,6,2025-07-05T00:00:00Z,2025-07-06T06:00:00Z,2025-07-06T12:00:00Z,025,6.35,252,21,0.07819760807089997,0.6658420944135229,0.10714285714285714,1.717334999948881
6h_06481,6,2025-07-05T00:00:00Z,2025-07-06T06:00:00Z,2025-07-06T12:00:00Z,0125,6.35,252,21,0.07765391564762325,0.6928468357039785,0.10714285714285714,1.706901100103787
6h_06481,6,2025-07-05T00:00:00Z,2025-07-06T06:00:00Z,2025-07-06T12:00:00Z,3km,6.35,252,21,0.07683584659021152,0.7068645640074211,0.10714285714285714,1.6925352762455215
6h_06481,6,2025-07-05T00:00:00Z,2025-07-06T06:00:00Z,2025-07-06T12:00:00Z,gnn_csgd,6.35,252,21,0.07778004504598819,0.6516182230467945,0.10714285714285714,1.7102073168204701
6h_06481,6,2025-07-05T00:00:00Z,2025-07-06T06:00:00Z,2025-07-06T12:00:00Z,025,12.7,252,10,0.03900492982024156,0.6198347107438017,0.05952380952380952,1.717334999948881
6h_06481,6,2025-07-05T00:00:00Z,2025-07-06T06:00:00Z,2025-07-06T12:00:00Z,0125,12.7,252,10,0.038816441656066056,0.665702479338843,0.05952380952380952,1.706901100103787
6h_06481,6,2025-07-05T00:00:00Z,2025-07-06T06:00:00Z,2025-07-06T12:00:00Z,3km,12.7,252,10,0.03827728673139781,0.7107438016528925,0.05952380952380952,1.6925352762455215
6h_06481,6,2025-07-05T00:00:00Z,2025-07-06T06:00:00Z,2025-07-06T12:00:00Z,gnn_csgd,12.7,252,10,0.03841553824992913,0.6603305785123967,0.05952380952380952,1.7102073168204701
6h_06481,6,2025-07-05T00:00:00Z,2025-07-06T06:00:00Z,2025-07-06T12:00:00Z,025,25.4,252,5,0.01974865065397584,0.6502024291497975,0.031746031746031744,1.717334999948881
6h_06481,6,2025-07-05T00:00:00Z,2025-07-06T06:00:00Z,2025-07-06T12:00:00Z,0125,25.4,252,5,0.01972861059917202,0.6785425101214575,0.031746031746031744,1.706901100103787
6h_06481,6,2025-07-05T00:00:00Z,2025-07-06T06:00:00Z,2025-07-06T12:00:00Z,3km,25.4,252,5,0.019642768982357794,0.6955465587044535,0.031746031746031744,1.6925352762455215
6h_06481,6,2025-07-05T00:00:00Z,2025-07-06T06:00:00Z,2025-07-06T12:00:00Z,gnn_csgd,25.4,252,5,0.019598100839465053,0.6566801619433198,0.031746031746031744,1.7102073168204701
6h_06481,6,2025-07-05T00:00:00Z,2025-07-06T06:00:00Z,2025-07-06T12:00:00Z,025,50.8,252,0,1.371717937307639e-05,,0.0,1.717334999948881
6h_06481,6,2025-07-05T00:00:00Z,2025-07-06T06:00:00Z,2025-07-06T12:00:00Z,0125,50.8,252,0,1.1942023133589164e-05,,0.0,1.706901100103787
6h_06481,6,2025-07-05T00:00:00Z,2025-07-06T06:00:00Z,2025-07-06T12:00:00Z,3km,50.8,252,0,9.032532468803877e-06,,0.0,1.6925352762455215
6h_06481,6,2025-07-05T00:00:00Z,2025-07-06T06:00:00Z,2025-07-06T12:00:00Z,gnn_csgd,50.8,252,0,7.149517633850293e-06,,0.0,1.7102073168204701
6h_06482,6,2025-07-05T00:00:00Z,2025-07-06T12:00:00Z,2025-07-06T18:00:00Z,025,6.35,252,33,0.09851278507804113,0.8758821087588211,0.1349206349206349,2.791312058431303
6h_06482,6,2025-07-05T00:00:00Z,2025-07-06T12:00:00Z,2025-07-06T18:00:00Z,0125,6.35,252,33,0.1005218252342029,0.8497301784973018,0.1349206349206349,2.8112846331434524
6h_06482,6,2025-07-05T00:00:00Z,2025-07-06T12:00:00Z,2025-07-06T18:00:00Z,3km,6.35,252,33,0.10015107511116458,0.8397675383976754,0.1349206349206349,2.8049690055506113
6h_06482,6,2025-07-05T00:00:00Z,2025-07-06T12:00:00Z,2025-07-06T18:00:00Z,gnn_csgd,6.35,252,33,0.10230748468980606,0.8591393385913934,0.1349206349206349,2.840363062561842
6h_06482,6,2025-07-05T00:00:00Z,2025-07-06T12:00:00Z,2025-07-06T18:00:00Z,025,12.7,252,18,0.06075142426713972,0.8886514719848053,0.10317460317460317,2.791312058431303
6h_06482,6,2025-07-05T00:00:00Z,2025-07-06T12:00:00Z,2025-07-06T18:00:00Z,0125,12.7,252,18,0.06079004102113832,0.8779677113010447,0.10317460317460317,2.8112846331434524
6h_06482,6,2025-07-05T00:00:00Z,2025-07-06T12:00:00Z,2025-07-06T18:00:00Z,3km,12.7,252,18,0.060817850600928466,0.855650522317189,0.10317460317460317,2.8049690055506113
6h_06482,6,2025-07-05T00:00:00Z,2025-07-06T12:00:00Z,2025-07-06T18:00:00Z,gnn_csgd,12.7,252,18,0.06243036577519652,0.8580246913580247,0.10317460317460317,2.840363062561842
6h_06482,6,2025-07-05T00:00:00Z,2025-07-06T12:00:00Z,2025-07-06T18:00:00Z,025,25.4,252,8,0.029427600265743068,0.9323770491803278,0.03571428571428571,2.791312058431303
6h_06482,6,2025-07-05T00:00:00Z,2025-07-06T12:00:00Z,2025-07-06T18:00:00Z,0125,25.4,252,8,0.02914598573633809,0.954405737704918,0.03571428571428571,2.8112846331434524
6h_06482,6,2025-07-05T00:00:00Z,2025-07-06T12:00:00Z,2025-07-06T18:00:00Z,3km,25.4,252,8,0.02901292316754241,0.9538934426229508,0.03571428571428571,2.8049690055506113
6h_06482,6,2025-07-05T00:00:00Z,2025-07-06T12:00:00Z,2025-07-06T18:00:00Z,gnn_csgd,25.4,252,8,0.029957449803436443,0.8837090163934426,0.03571428571428571,2.840363062561842
6h_06482,6,2025-07-05T00:00:00Z,2025-07-06T12:00:00Z,2025-07-06T18:00:00Z,025,50.8,252,3,0.011649684055805501,0.9611780455153949,0.011904761904761904,2.791312058431303
6h_06482,6,2025-07-05T00:00:00Z,2025-07-06T12:00:00Z,2025-07-06T18:00:00Z,0125,50.8,252,3,0.011615948641702576,0.965194109772423,0.011904761904761904,2.8112846331434524
6h_06482,6,2025-07-05T00:00:00Z,2025-07-06T12:00:00Z,2025-07-06T18:00:00Z,3km,50.8,252,3,0.011587336002201328,0.9571619812583668,0.011904761904761904,2.8049690055506113
6h_06482,6,2025-07-05T00:00:00Z,2025-07-06T12:00:00Z,2025-07-06T18:00:00Z,gnn_csgd,50.8,252,3,0.01174352745671496,0.8701472556894244,0.011904761904761904,2.840363062561842
6h_06483,6,2025-07-06T00:00:00Z,2025-07-06T18:00:00Z,2025-07-07T00:00:00Z,025,6.35,252,75,0.20588512239288587,0.6621468926553672,0.3611111111111111,4.251618448888903
6h_06483,6,2025-07-06T00:00:00Z,2025-07-06T18:00:00Z,2025-07-07T00:00:00Z,0125,6.35,252,75,0.20644454956653152,0.6577024482109228,0.3611111111111111,4.248103134991017
6h_06483,6,2025-07-06T00:00:00Z,2025-07-06T18:00:00Z,2025-07-07T00:00:00Z,3km,6.35,252,75,0.20677472504588892,0.6595856873822975,0.3611111111111111,4.256649431686924
6h_06483,6,2025-07-06T00:00:00Z,2025-07-06T18:00:00Z,2025-07-07T00:00:00Z,gnn_csgd,6.35,252,75,0.19915797726545048,0.671713747645951,0.3611111111111111,4.153803251697966
6h_06483,6,2025-07-06T00:00:00Z,2025-07-06T18:00:00Z,2025-07-07T00:00:00Z,025,12.7,252,40,0.13267767303865988,0.613561320754717,0.25793650793650796,4.251618448888903
6h_06483,6,2025-07-06T00:00:00Z,2025-07-06T18:00:00Z,2025-07-07T00:00:00Z,0125,12.7,252,40,0.13246862928082168,0.6139150943396227,0.25793650793650796,4.248103134991017
6h_06483,6,2025-07-06T00:00:00Z,2025-07-06T18:00:00Z,2025-07-07T00:00:00Z,3km,12.7,252,40,0.13295716303604718,0.6158018867924528,0.25793650793650796,4.256649431686924
6h_06483,6,2025-07-06T00:00:00Z,2025-07-06T18:00:00Z,2025-07-07T00:00:00Z,gnn_csgd,12.7,252,40,0.13145149064172426,0.6238207547169812,0.25793650793650796,4.153803251697966
6h_06483,6,2025-07-06T00:00:00Z,2025-07-06T18:00:00Z,2025-07-07T00:00:00Z,025,25.4,252,14,0.05296297030639805,0.5555222088835534,0.13095238095238096,4.251618448888903
6h_06483,6,2025-07-06T00:00:00Z,2025-07-06T18:00:00Z,2025-07-07T00:00:00Z,0125,25.4,252,14,0.052567402239800304,0.5729291716686674,0.13095238095238096,4.248103134991017
6h_06483,6,2025-07-06T00:00:00Z,2025-07-06T18:00:00Z,2025-07-07T00:00:00Z,3km,25.4,252,14,0.052710126307412425,0.5663265306122449,0.13095238095238096,4.256649431686924
6h_06483,6,2025-07-06T00:00:00Z,2025-07-06T18:00:00Z,2025-07-07T00:00:00Z,gnn_csgd,25.4,252,14,0.0525967985396494,0.5828331332533013,0.13095238095238096,4.153803251697966
6h_06483,6,2025-07-06T00:00:00Z,2025-07-06T18:00:00Z,2025-07-07T00:00:00Z,025,50.8,252,2,0.008038179696421519,0.356,0.023809523809523808,4.251618448888903
6h_06483,6,2025-07-06T00:00:00Z,2025-07-06T18:00:00Z,2025-07-07T00:00:00Z,0125,50.8,252,2,0.00805673320989004,0.37,0.023809523809523808,4.248103134991017
6h_06483,6,2025-07-06T00:00:00Z,2025-07-06T18:00:00Z,2025-07-07T00:00:00Z,3km,50.8,252,2,0.008110197319187296,0.36,0.023809523809523808,4.256649431686924
6h_06483,6,2025-07-06T00:00:00Z,2025-07-06T18:00:00Z,2025-07-07T00:00:00Z,gnn_csgd,50.8,252,2,0.00807909969026933,0.332,0.023809523809523808,4.153803251697966
6h_06484,6,2025-07-06T00:00:00Z,2025-07-07T00:00:00Z,2025-07-07T06:00:00Z,025,6.35,252,7,0.027318187968263696,0.4839650145772595,0.027777777777777776,0.6793182484107695
6h_06484,6,2025-07-06T00:00:00Z,2025-07-07T00:00:00Z,2025-07-07T06:00:00Z,0125,6.35,252,7,0.027155400278585297,0.5527696793002915,0.027777777777777776,0.6734201780008477
6h_06484,6,2025-07-06T00:00:00Z,2025-07-07T00:00:00Z,2025-07-07T06:00:00Z,3km,6.35,252,7,0.027099694272356787,0.5941690962099125,0.027777777777777776,0.6742228127343702
6h_06484,6,2025-07-06T00:00:00Z,2025-07-07T00:00:00Z,2025-07-07T06:00:00Z,gnn_csgd,6.35,252,7,0.027138188172280548,0.5801749271137027,0.027777777777777776,0.6838688746303296
6h_06484,6,2025-07-06T00:00:00Z,2025-07-07T00:00:00Z,2025-07-07T06:00:00Z,025,12.7,252,4,0.015646151958825755,0.6199596774193549,0.015873015873015872,0.6793182484107695
6h_06484,6,2025-07-06T00:00:00Z,2025-07-07T00:00:00Z,2025-07-07T06:00:00Z,0125,12.7,252,4,0.015484851318020952,0.7993951612903226,0.015873015873015872,0.6734201780008477
6h_06484,6,2025-07-06T00:00:00Z,2025-07-07T00:00:00Z,2025-07-07T06:00:00Z,3km,12.7,252,4,0.01544217119994666,0.8256048387096774,0.015873015873015872,0.6742228127343702
6h_06484,6,2025-07-06T00:00:00Z,2025-07-07T00:00:00Z,2025-07-07T06:00:00Z,gnn_csgd,12.7,252,4,0.0156626086952776,0.71875,0.015873015873015872,0.6838688746303296
6h_06484,6,2025-07-06T00:00:00Z,2025-07-07T00:00:00Z,2025-07-07T06:00:00Z,025,25.4,252,1,0.00396569368973074,0.5298804780876494,0.003968253968253968,0.6793182484107695
6h_06484,6,2025-07-06T00:00:00Z,2025-07-07T00:00:00Z,2025-07-07T06:00:00Z,0125,25.4,252,1,0.0039227205370723495,0.9482071713147411,0.003968253968253968,0.6734201780008477
6h_06484,6,2025-07-06T00:00:00Z,2025-07-07T00:00:00Z,2025-07-07T06:00:00Z,3km,25.4,252,1,0.00393442032070322,0.848605577689243,0.003968253968253968,0.6742228127343702
6h_06484,6,2025-07-06T00:00:00Z,2025-07-07T00:00:00Z,2025-07-07T06:00:00Z,gnn_csgd,25.4,252,1,0.0039742616581205144,0.5856573705179283,0.003968253968253968,0.6838688746303296
6h_06484,6,2025-07-06T00:00:00Z,2025-07-07T00:00:00Z,2025-07-07T06:00:00Z,025,50.8,252,0,2.3688523498731618e-07,,0.0,0.6793182484107695
6h_06484,6,2025-07-06T00:00:00Z,2025-07-07T00:00:00Z,2025-07-07T06:00:00Z,0125,50.8,252,0,3.181255417160616e-07,,0.0,0.6734201780008477
6h_06484,6,2025-07-06T00:00:00Z,2025-07-07T00:00:00Z,2025-07-07T06:00:00Z,3km,50.8,252,0,5.331732011242925e-07,,0.0,0.6742228127343702
6h_06484,6,2025-07-06T00:00:00Z,2025-07-07T00:00:00Z,2025-07-07T06:00:00Z,gnn_csgd,50.8,252,0,1.5184364378362294e-07,,0.0,0.6838688746303296
6h_06485,6,2025-07-06T00:00:00Z,2025-07-07T06:00:00Z,2025-07-07T12:00:00Z,025,6.35,252,5,0.01942642281832846,0.8016194331983806,0.03571428571428571,0.5733875344130476
6h_06485,6,2025-07-06T00:00:00Z,2025-07-07T06:00:00Z,2025-07-07T12:00:00Z,0125,6.35,252,5,0.01978896119297451,0.7449392712550608,0.03571428571428571,0.5799495596935733
6h_06485,6,2025-07-06T00:00:00Z,2025-07-07T06:00:00Z,2025-07-07T12:00:00Z,3km,6.35,252,5,0.020316250162407592,0.68582995951417,0.03571428571428571,0.581238926958989
6h_06485,6,2025-07-06T00:00:00Z,2025-07-07T06:00:00Z,2025-07-07T12:00:00Z,gnn_csgd,6.35,252,5,0.018812830609265956,0.8963562753036437,0.03571428571428571,0.5801939491022087
6h_06485,6,2025-07-06T00:00:00Z,2025-07-07T06:00:00Z,2025-07-07T12:00:00Z,025,12.7,252,3,0.011796399230411418,0.751004016064257,0.015873015873015872,0.5733875344130476
6h_06485,6,2025-07-06T00:00:00Z,2025-07-07T06:00:00Z,2025-07-07T12:00:00Z,0125,12.7,252,3,0.011732614076078238,0.8018741633199464,0.015873015873015872,0.5799495596935733
6h_06485,6,2025-07-06T00:00:00Z,2025-07-07T06:00:00Z,2025-07-07T12:00:00Z,3km,12.7,252,3,0.011822569888022645,0.7978580990629184,0.015873015873015872,0.581238926958989
6h_06485,6,2025-07-06T00:00:00Z,2025-07-07T06:00:00Z,2025-07-07T12:00:00Z,gnn_csgd,12.7,252,3,0.011494136847092213,0.9103078982597055,0.015873015873015872,0.5801939491022087
6h_06485,6,2025-07-06T00:00:00Z,2025-07-07T06:00:00Z,2025-07-07T12:00:00Z,025,25.4,252,1,0.003989868711713854,0.701195219123506,0.003968253968253968,0.5733875344130476
6h_06485,6,2025-07-06T00:00:00Z,2025-07-07T06:00:00Z,2025-07-07T12:00:00Z,0125,25.4,252,1,0.003932897968735303,0.8804780876494024,0.003968253968253968,0.5799495596935733
6h_06485,6,2025-07-06T00:00:00Z,2025-07-07T06:00:00Z,2025-07-07T12:00:00Z,3km,25.4,252,1,0.003938776943452832,0.900398406374502,0.003968253968253968,0.581238926958989
6h_06485,6,2025-07-06T00:00:00Z,2025-07-07T06:00:00Z,2025-07-07T12:00:00Z,gnn_csgd,25.4,252,1,0.0039256635893734045,0.8884462151394422,0.003968253968253968,0.5801939491022087
6h_06485,6,2025-07-06T00:00:00Z,2025-07-07T06:00:00Z,2025-07-07T12:00:00Z,025,50.8,252,0,2.7683811636153144e-06,,0.0,0.5733875344130476
6h_06485,6,2025-07-06T00:00:00Z,2025-07-07T06:00:00Z,2025-07-07T12:00:00Z,0125,50.8,252,0,2.662151004410014e-06,,0.0,0.5799495596935733
6h_06485,6,2025-07-06T00:00:00Z,2025-07-07T06:00:00Z,2025-07-07T12:00:00Z,3km,50.8,252,0,5.145609552412226e-06,,0.0,0.581238926958989
6h_06485,6,2025-07-06T00:00:00Z,2025-07-07T06:00:00Z,2025-07-07T12:00:00Z,gnn_csgd,50.8,252,0,7.722395290065423e-07,,0.0,0.5801939491022087
6h_06486,6,2025-07-06T00:00:00Z,2025-07-07T12:00:00Z,2025-07-07T18:00:00Z,025,6.35,252,48,0.16141921145330776,0.6941380718954249,0.23809523809523808,3.5929203728852763
6h_06486,6,2025-07-06T00:00:00Z,2025-07-07T12:00:00Z,2025-07-07T18:00:00Z,0125,6.35,252,48,0.1603592994308622,0.7069035947712419,0.23809523809523808,3.571522885922664
6h_06486,6,2025-07-06T00:00:00Z,2025-07-07T12:00:00Z,2025-07-07T18:00:00Z,3km,6.35,252,48,0.16224024304195278,0.6745302287581699,0.23809523809523808,3.608831101801538
6h_06486,6,2025-07-06T00:00:00Z,2025-07-07T12:00:00Z,2025-07-07T18:00:00Z,gnn_csgd,6.35,252,48,0.1625404053298905,0.7150735294117647,0.23809523809523808,3.6175940745876223
6h_06486,6,2025-07-06T00:00:00Z,2025-07-07T12:00:00Z,2025-07-07T18:00:00Z,025,12.7,252,25,0.08961695271967185,0.7513656387665198,0.11904761904761904,3.5929203728852763
6h_06486,6,2025-07-06T00:00:00Z,2025-07-07T12:00:00Z,2025-07-07T18:00:00Z,0125,12.7,252,25,0.08917249339319404,0.7570044052863436,0.11904761904761904,3.571522885922664
6h_06486,6,2025-07-06T00:00:00Z,2025-07-07T12:00:00Z,2025-07-07T18:00:00Z,3km,12.7,252,25,0.08941073560408867,0.7337444933920705,0.11904761904761904,3.608831101801538
6h_06486,6,2025-07-06T00:00:00Z,2025-07-07T12:00:00Z,2025-07-07T18:00:00Z,gnn_csgd,12.7,252,25,0.09032124289833078,0.7587665198237885,0.11904761904761904,3.6175940745876223
6h_06486,6,2025-07-06T00:00:00Z,2025-07-07T12:00:00Z,2025-07-07T18:00:00Z,025,25.4,252,10,0.03848741136299395,0.6995867768595041,0.05555555555555555,3.5929203728852763
6h_06486,6,2025-07-06T00:00:00Z,2025-07-07T12:00:00Z,2025-07-07T18:00:00Z,0125,25.4,252,10,0.03846463165324642,0.715702479338843,0.05555555555555555,3.571522885922664
6h_06486,6,2025-07-06T00:00:00Z,2025-07-07T12:00:00Z,2025-07-07T18:00:00Z,3km,25.4,252,10,0.03843010538612288,0.7119834710743802,0.05555555555555555,3.608831101801538
6h_06486,6,2025-07-06T00:00:00Z,2025-07-07T12:00:00Z,2025-07-07T18:00:00Z,gnn_csgd,25.4,252,10,0.03837223949231446,0.7173553719008264,0.05555555555555555,3.6175940745876223
6h_06486,6,2025-07-06T00:00:00Z,2025-07-07T12:00:00Z,2025-07-07T18:00:00Z,025,50.8,252,3,0.01186109400900083,0.5823293172690763,0.01984126984126984,3.5929203728852763
6h_06486,6,2025-07-06T00:00:00Z,2025-07-07T12:00:00Z,2025-07-07T18:00:00Z,0125,50.8,252,3,0.011858704611564809,0.6452476572958501,0.01984126984126984,3.571522885922664
6h_06486,6,2025-07-06T00:00:00Z,2025-07-07T12:00:00Z,2025-07-07T18:00:00Z,3km,50.8,252,3,0.011835695038328356,0.6987951807228916,0.01984126984126984,3.608831101801538
6h_06486,6,2025-07-06T00:00:00Z,2025-07-07T12:00:00Z,2025-07-07T18:00:00Z,gnn_csgd,50.8,252,3,0.011811334891832446,0.7054886211512718,0.01984126984126984,3.6175940745876223
12h_06471,12,2025-07-03T00:00:00Z,2025-07-03T12:00:00Z,2025-07-04T00:00:00Z,025,12.7,252,52,0.1578234800304984,0.6251923076923077,0.3134920634920635,4.475236181927139
12h_06471,12,2025-07-03T00:00:00Z,2025-07-03T12:00:00Z,2025-07-04T00:00:00Z,0125,12.7,252,52,0.16124523494213724,0.6100961538461539,0.3134920634920635,4.583558867337241
12h_06471,12,2025-07-03T00:00:00Z,2025-07-03T12:00:00Z,2025-07-04T00:00:00Z,3km,12.7,252,52,0.1625439614155888,0.6026923076923076,0.3134920634920635,4.598000185186207
12h_06471,12,2025-07-03T00:00:00Z,2025-07-03T12:00:00Z,2025-07-04T00:00:00Z,gnn_csgd,12.7,252,52,0.16203629069671793,0.5874038461538461,0.3134920634920635,4.495013768545696
12h_06471,12,2025-07-03T00:00:00Z,2025-07-03T12:00:00Z,2025-07-04T00:00:00Z,025,25.4,252,17,0.06297803537667859,0.6010012515644556,0.10714285714285714,4.475236181927139
12h_06471,12,2025-07-03T00:00:00Z,2025-07-03T12:00:00Z,2025-07-04T00:00:00Z,0125,25.4,252,17,0.06272810247428165,0.6072590738423029,0.10714285714285714,4.583558867337241
12h_06471,12,2025-07-03T00:00:00Z,2025-07-03T12:00:00Z,2025-07-04T00:00:00Z,3km,25.4,252,17,0.06293509845174731,0.6097622027534418,0.10714285714285714,4.598000185186207
12h_06471,12,2025-07-03T00:00:00Z,2025-07-03T12:00:00Z,2025-07-04T00:00:00Z,gnn_csgd,25.4,252,17,0.06312017856173005,0.5596996245306634,0.10714285714285714,4.495013768545696
12h_06471,12,2025-07-03T00:00:00Z,2025-07-03T12:00:00Z,2025-07-04T00:00:00Z,025,50.8,252,1,0.00411603251830864,0.6334661354581673,0.007936507936507936,4.475236181927139
12h_06471,12,2025-07-03T00:00:00Z,2025-07-03T12:00:00Z,2025-07-04T00:00:00Z,0125,50.8,252,1,0.004068056541330151,0.649402390438247,0.007936507936507936,4.583558867337241
12h_06471,12,2025-07-03T00:00:00Z,2025-07-03T12:00:00Z,2025-07-04T00:00:00Z,3km,50.8,252,1,0.004082651412888834,0.5737051792828686,0.007936507936507936,4.598000185186207
12h_06471,12,2025-07-03T00:00:00Z,2025-07-03T12:00:00Z,2025-07-04T00:00:00Z,gnn_csgd,50.8,252,1,0.004035731476137102,0.6852589641434262,0.007936507936507936,4.495013768545696
12h_06471,12,2025-07-03T00:00:00Z,2025-07-03T12:00:00Z,2025-07-04T00:00:00Z,025,76.2,252,0,1.3141807907018773e-05,,0.0,4.475236181927139
12h_06471,12,2025-07-03T00:00:00Z,2025-07-03T12:00:00Z,2025-07-04T00:00:00Z,0125,76.2,252,0,9.490235341067266e-06,,0.0,4.583558867337241
12h_06471,12,2025-07-03T00:00:00Z,2025-07-03T12:00:00Z,2025-07-04T00:00:00Z,3km,76.2,252,0,9.09727517444009e-06,,0.0,4.598000185186207
12h_06471,12,2025-07-03T00:00:00Z,2025-07-03T12:00:00Z,2025-07-04T00:00:00Z,gnn_csgd,76.2,252,0,6.587484688037942e-06,,0.0,4.495013768545696
12h_06472,12,2025-07-03T00:00:00Z,2025-07-03T18:00:00Z,2025-07-04T06:00:00Z,025,12.7,252,90,0.22458971699987887,0.8059670781893004,0.2857142857142857,8.042076282423341
12h_06472,12,2025-07-03T00:00:00Z,2025-07-03T18:00:00Z,2025-07-04T06:00:00Z,0125,12.7,252,90,0.2282014664331805,0.7980109739368999,0.2857142857142857,8.138131654963122
12h_06472,12,2025-07-03T00:00:00Z,2025-07-03T18:00:00Z,2025-07-04T06:00:00Z,3km,12.7,252,90,0.2245863148649433,0.8063100137174212,0.2857142857142857,8.02281693766102
12h_06472,12,2025-07-03T00:00:00Z,2025-07-03T18:00:00Z,2025-07-04T06:00:00Z,gnn_csgd,12.7,252,90,0.21681367744963603,0.8411522633744856,0.2857142857142857,7.78817492511254
12h_06472,12,2025-07-03T00:00:00Z,2025-07-03T18:00:00Z,2025-07-04T06:00:00Z,025,25.4,252,49,0.15803384593340933,0.7557052377601287,0.2222222222222222,8.042076282423341
12h_06472,12,2025-07-03T00:00:00Z,2025-07-03T18:00:00Z,2025-07-04T06:00:00Z,0125,25.4,252,49,0.158823944824766,0.7594249522469086,0.2222222222222222,8.138131654963122
12h_06472,12,2025-07-03T00:00:00Z,2025-07-03T18:00:00Z,2025-07-04T06:00:00Z,3km,25.4,252,49,0.1569666071953334,0.7746054086659294,0.2222222222222222,8.02281693766102
12h_06472,12,2025-07-03T00:00:00Z,2025-07-03T18:00:00Z,2025-07-04T06:00:00Z,gnn_csgd,25.4,252,49,0.15751083996293624,0.7865688147180054,0.2222222222222222,7.78817492511254
12h_06472,12,2025-07-03T00:00:00Z,2025-07-03T18:00:00Z,2025-07-04T06:00:00Z,025,50.8,252,9,0.03394361984235205,0.7567443987197073,0.04365079365079365,8.042076282423341
12h_06472,12,2025-07-03T00:00:00Z,2025-07-03T18:00:00Z,2025-07-04T06:00:00Z,0125,50.8,252,9,0.0338867708287166,0.7494284407864655,0.04365079365079365,8.138131654963122
12h_06472,12,2025-07-03T00:00:00Z,2025-07-03T18:00:00Z,2025-07-04T06:00:00Z,3km,50.8,252,9,0.033690087413526915,0.7695473251028807,0.04365079365079365,8.02281693766102
12h_06472,12,2025-07-03T00:00:00Z,2025-07-03T18:00:00Z,2025-07-04T06:00:00Z,gnn_csgd,50.8,252,9,0.03413637811740878,0.7530864197530864,0.04365079365079365,7.78817492511254
12h_06472,12,2025-07-03T00:00:00Z,2025-07-03T18:00:00Z,2025-07-04T06:00:00Z,025,76.2,252,2,0.007781418028877713,0.892,0.015873015873015872,8.042076282423341
12h_06472,12,2025-07-03T00:00:00Z,2025-07-03T18:00:00Z,2025-07-04T06:00:00Z,0125,76.2,252,2,0.007771707930449625,0.914,0.015873015873015872,8.138131654963122
12h_06472,12,2025-07-03T00:00:00Z,2025-07-03T18:00:00Z,2025-07-04T06:00:00Z,3km,76.2,252,2,0.0076974522272229675,0.972,0.015873015873015872,8.02281693766102
12h_06472,12,2025-07-03T00:00:00Z,2025-07-03T18:00:00Z,2025-07-04T06:00:00Z,gnn_csgd,76.2,252,2,0.00783174690593508,0.88,0.015873015873015872,7.78817492511254
12h_06473,12,2025-07-03T00:00:00Z,2025-07-04T00:00:00Z,2025-07-04T12:00:00Z,025,12.7,252,84,0.19012779326371398,0.8655753968253969,0.25396825396825395,15.588657507586916
12h_06473,12,2025-07-03T00:00:00Z,2025-07-04T00:00:00Z,2025-07-04T12:00:00Z,0125,12.7,252,84,0.19129350284216992,0.8616780045351474,0.25396825396825395,15.632005133944809
12h_06473,12,2025-07-03T00:00:00Z,2025-07-04T00:00:00Z,2025-07-04T12:00:00Z,3km,12.7,252,84,0.19587265759270706,0.8448837868480725,0.25396825396825395,15.802914511821406
12h_06473,12,2025-07-03T00:00:00Z,2025-07-04T00:00:00Z,2025-07-04T12:00:00Z,gnn_csgd,12.7,252,84,0.18428263213055318,0.8631660997732427,0.25396825396825395,15.302487524411873
12h_06473,12,2025-07-03T00:00:00Z,2025-07-04T00:00:00Z,2025-07-04T12:00:00Z,025,25.4,252,56,0.16066527277061712,0.8403790087463557,0.18253968253968253,15.588657507586916
12h_06473,12,2025-07-03T00:00:00Z,2025-07-04T00:00:00Z,2025-07-04T12:00:00Z,0125,25.4,252,56,0.16132439134441567,0.8392857142857143,0.18253968253968253,15.632005133944809
12h_06473,12,2025-07-03T00:00:00Z,2025-07-04T00:00:00Z,2025-07-04T12:00:00Z,3km,25.4,252,56,0.16386223165013505,0.8240706997084548,0.18253968253968253,15.802914511821406
12h_06473,12,2025-07-03T00:00:00Z,2025-07-04T00:00:00Z,2025-07-04T12:00:00Z,gnn_csgd,25.4,252,56,0.15915367543294553,0.8453899416909622,0.18253968253968253,15.302487524411873
12h_06473,12,2025-07-03T00:00:00Z,2025-07-04T00:00:00Z,2025-07-04T12:00:00Z,025,50.8,252,33,0.11500837905124872,0.8014390480143905,0.12301587301587301,15.588657507586916
12h_06473,12,2025-07-03T00:00:00Z,2025-07-04T00:00:00Z,2025-07-04T12:00:00Z,0125,50.8,252,33,0.11482693831081145,0.806697108066971,0.12301587301587301,15.632005133944809
12h_06473,12,2025-07-03T00:00:00Z,2025-07-04T00:00:00Z,2025-07-04T12:00:00Z,3km,50.8,252,33,0.11557434180699791,0.7953507679535077,0.12301587301587301,15.802914511821406
12h_06473,12,2025-07-03T00:00:00Z,2025-07-04T00:00:00Z,2025-07-04T12:00:00Z,gnn_csgd,50.8,252,33,0.1140719382318879,0.8411512384115124,0.12301587301587301,15.302487524411873
12h_06473,12,2025-07-03T00:00:00Z,2025-07-04T00:00:00Z,2025-07-04T12:00:00Z,025,76.2,252,23,0.08622457700511092,0.8122270742358079,0.09126984126984126,15.588657507586916
12h_06473,12,2025-07-03T00:00:00Z,2025-07-04T00:00:00Z,2025-07-04T12:00:00Z,0125,76.2,252,23,0.08600390845227915,0.8188722232770078,0.09126984126984126,15.632005133944809
12h_06473,12,2025-07-03T00:00:00Z,2025-07-04T00:00:00Z,2025-07-04T12:00:00Z,3km,76.2,252,23,0.08676072938267373,0.7981773305486994,0.09126984126984126,15.802914511821406
12h_06473,12,2025-07-03T00:00:00Z,2025-07-04T00:00:00Z,2025-07-04T12:00:00Z,gnn_csgd,76.2,252,23,0.08602693276326404,0.8505790772735903,0.09126984126984126,15.302487524411873
12h_06474,12,2025-07-03T00:00:00Z,2025-07-04T06:00:00Z,2025-07-04T18:00:00Z,025,12.7,252,81,0.2165917769583568,0.8089668615984406,0.2857142857142857,17.514719951768118
12h_06474,12,2025-07-03T00:00:00Z,2025-07-04T06:00:00Z,2025-07-04T18:00:00Z,0125,12.7,252,81,0.21683619188504435,0.806367771280052,0.2857142857142857,17.480720012609183
12h_06474,12,2025-07-03T00:00:00Z,2025-07-04T06:00:00Z,2025-07-04T18:00:00Z,3km,12.7,252,81,0.21747838704848513,0.7988592881380405,0.2857142857142857,17.63623221234847
12h_06474,12,2025-07-03T00:00:00Z,2025-07-04T06:00:00Z,2025-07-04T18:00:00Z,gnn_csgd,12.7,252,81,0.2095583529035798,0.819507616778572,0.2857142857142857,17.249150365318467
12h_06474,12,2025-07-03T00:00:00Z,2025-07-04T06:00:00Z,2025-07-04T18:00:00Z,025,25.4,252,59,0.18754882574748577,0.8013524194256608,0.24603174603174602,17.514719951768118
12h_06474,12,2025-07-03T00:00:00Z,2025-07-04T06:00:00Z,2025-07-04T18:00:00Z,0125,25.4,252,59,0.1873816792233779,0.8015280583121103,0.24603174603174602,17.480720012609183
12h_06474,12,2025-07-03T00:00:00Z,2025-07-04T06:00:00Z,2025-07-04T18:00:00Z,3km,25.4,252,59,0.18965908687902341,0.7981909194695705,0.24603174603174602,17.63623221234847
12h_06474,12,2025-07-03T00:00:00Z,2025-07-04T06:00:00Z,2025-07-04T18:00:00Z,gnn_csgd,25.4,252,59,0.18386746459417005,0.8139105998067973,0.24603174603174602,17.249150365318467
12h_06474,12,2025-07-03T00:00:00Z,2025-07-04T06:00:00Z,2025-07-04T18:00:00Z,025,50.8,252,42,0.15209582574250718,0.8051020408163265,0.19047619047619047,17.514719951768118
12h_06474,12,2025-07-03T00:00:00Z,2025-07-04T06:00:00Z,2025-07-04T18:00:00Z,0125,50.8,252,42,0.151732521617533,0.8021541950113379,0.19047619047619047,17.480720012609183
12h_06474,12,2025-07-03T00:00:00Z,2025-07-04T06:00:00Z,2025-07-04T18:00:00Z,3km,50.8,252,42,0.15382309383654624,0.7925170068027211,0.19047619047619047,17.63623221234847
12h_06474,12,2025-07-03T00:00:00Z,2025-07-04T06:00:00Z,2025-07-04T18:00:00Z,gnn_csgd,50.8,252,42,0.15135017880635945,0.8108843537414966,0.19047619047619047,17.249150365318467
12h_06474,12,2025-07-03T00:00:00Z,2025-07-04T06:00:00Z,2025-07-04T18:00:00Z,025,76.2,252,25,0.0954891113767438,0.8214977973568282,0.1111111111111111,17.514719951768118
12h_06474,12,2025-07-03T00:00:00Z,2025-07-04T06:00:00Z,2025-07-04T18:00:00Z,0125,76.2,252,25,0.09518715217074032,0.8209691629955947,0.1111111111111111,17.480720012609183
12h_06474,12,2025-07-03T00:00:00Z,2025-07-04T06:00:00Z,2025-07-04T18:00:00Z,3km,76.2,252,25,0.09624480288550501,0.8074008810572687,0.1111111111111111,17.63623221234847
12h_06474,12,2025-07-03T00:00:00Z,2025-07-04T06:00:00Z,2025-07-04T18:00:00Z,gnn_csgd,76.2,252,25,0.09513268326400805,0.8230837004405286,0.1111111111111111,17.249150365318467
12h_06475,12,2025-07-04T00:00:00Z,2025-07-04T12:00:00Z,2025-07-05T00:00:00Z,025,12.7,252,81,0.20661186859440417,0.7229802902317523,0.35714285714285715,8.889489618471023
12h_06475,12,2025-07-04T00:00:00Z,2025-07-04T12:00:00Z,2025-07-05T00:00:00Z,0125,12.7,252,81,0.20811273415795964,0.7167713522489351,0.35714285714285715,8.934536330707953
12h_06475,12,2025-07-04T00:00:00Z,2025-07-04T12:00:00Z,2025-07-05T00:00:00Z,3km,12.7,252,81,0.20762402140331773,0.7094072630135009,0.35714285714285715,8.94279274488374
12h_06475,12,2025-07-04T00:00:00Z,2025-07-04T12:00:00Z,2025-07-05T00:00:00Z,gnn_csgd,12.7,252,81,0.2031527717641775,0.7311385459533608,0.35714285714285715,8.759345967518273
12h_06475,12,2025-07-04T00:00:00Z,2025-07-04T12:00:00Z,2025-07-05T00:00:00Z,025,25.4,252,49,0.15481454371837558,0.6990047250427265,0.2619047619047619,8.889489618471023
12h_06475,12,2025-07-04T00:00:00Z,2025-07-04T12:00:00Z,2025-07-05T00:00:00Z,0125,25.4,252,49,0.15595552638384025,0.6950839449080125,0.2619047619047619,8.934536330707953
12h_06475,12,2025-07-04T00:00:00Z,2025-07-04T12:00:00Z,2025-07-05T00:00:00Z,3km,25.4,252,49,0.1559796140660805,0.6803056197848597,0.2619047619047619,8.94279274488374
12h_06475,12,2025-07-04T00:00:00Z,2025-07-04T12:00:00Z,2025-07-05T00:00:00Z,gnn_csgd,25.4,252,49,0.15429994810078154,0.7111691967427365,0.2619047619047619,8.759345967518273
12h_06475,12,2025-07-04T00:00:00Z,2025-07-04T12:00:00Z,2025-07-05T00:00:00Z,025,50.8,252,19,0.06820293884861899,0.8023492206912131,0.11507936507936507,8.889489618471023
12h_06475,12,2025-07-04T00:00:00Z,2025-07-04T12:00:00Z,2025-07-05T00:00:00Z,0125,50.8,252,19,0.06812510632793485,0.7919584368646939,0.11507936507936507,8.934536330707953
12h_06475,12,2025-07-04T00:00:00Z,2025-07-04T12:00:00Z,2025-07-05T00:00:00Z,3km,50.8,252,19,0.0682144173351343,0.7605601987802123,0.11507936507936507,8.94279274488374
12h_06475,12,2025-07-04T00:00:00Z,2025-07-04T12:00:00Z,2025-07-05T00:00:00Z,gnn_csgd,50.8,252,19,0.06834032918783672,0.8102552518635645,0.11507936507936507,8.759345967518273
12h_06475,12,2025-07-04T00:00:00Z,2025-07-04T12:00:00Z,2025-07-05T00:00:00Z,025,76.2,252,5,0.018833126188269076,0.8874493927125506,0.047619047619047616,8.889489618471023
12h_06475,12,2025-07-04T00:00:00Z,2025-07-04T12:00:00Z,2025-07-05T00:00:00Z,0125,76.2,252,5,0.018835633842794117,0.8761133603238866,0.047619047619047616,8.934536330707953
12h_06475,12,2025-07-04T00:00:00Z,2025-07-04T12:00:00Z,2025-07-05T00:00:00Z,3km,76.2,252,5,0.01871192041787517,0.8404858299595142,0.047619047619047616,8.94279274488374
12h_06475,12,2025-07-04T00:00:00Z,2025-07-04T12:00:00Z,2025-07-05T00:00:00Z,gnn_csgd,76.2,252,5,0.019074034235330772,0.8421052631578947,0.047619047619047616,8.759345967518273
12h_06476,12,2025-07-04T00:00:00Z,2025-07-04T18:00:00Z,2025-07-05T06:00:00Z,025,12.7,252,52,0.14783140775914536,0.7864423076923077,0.21428571428571427,4.515680289529586
12h_06476,12,2025-07-04T00:00:00Z,2025-07-04T18:00:00Z,2025-07-05T06:00:00Z,0125,12.7,252,52,0.14878603341157687,0.7886538461538461,0.21428571428571427,4.553814707511681
12h_06476,12,2025-07-04T00:00:00Z,2025-07-04T18:00:00Z,2025-07-05T06:00:00Z,3km,12.7,252,52,0.14867351348331648,0.7803846153846153,0.21428571428571427,4.5610722347814106
12h_06476,12,2025-07-04T00:00:00Z,2025-07-04T18:00:00Z,2025-07-05T06:00:00Z,gnn_csgd,12.7,252,52,0.14512761952180014,0.8096153846153846,0.21428571428571427,4.404972640337527
12h_06476,12,2025-07-04T00:00:00Z,2025-07-04T18:00:00Z,2025-07-05T06:00:00Z,025,25.4,252,18,0.06246639506564689,0.7723171889838556,0.12698412698412698,4.515680289529586
12h_06476,12,2025-07-04T00:00:00Z,2025-07-04T18:00:00Z,2025-07-05T06:00:00Z,0125,25.4,252,18,0.06350845690402158,0.7528490028490028,0.12698412698412698,4.553814707511681
12h_06476,12,2025-07-04T00:00:00Z,2025-07-04T18:00:00Z,2025-07-05T06:00:00Z,3km,25.4,252,18,0.06435030255166761,0.7443019943019943,0.12698412698412698,4.5610722347814106
12h_06476,12,2025-07-04T00:00:00Z,2025-07-04T18:00:00Z,2025-07-05T06:00:00Z,gnn_csgd,25.4,252,18,0.06253820084229014,0.7844254510921178,0.12698412698412698,4.404972640337527
12h_06476,12,2025-07-04T00:00:00Z,2025-07-04T18:00:00Z,2025-07-05T06:00:00Z,025,50.8,252,3,0.011866757181649512,0.7202141900937081,0.04365079365079365,4.515680289529586
12h_06476,12,2025-07-04T00:00:00Z,2025-07-04T18:00:00Z,2025-07-05T06:00:00Z,0125,50.8,252,3,0.011967087528779216,0.7215528781793842,0.04365079365079365,4.553814707511681
12h_06476,12,2025-07-04T00:00:00Z,2025-07-04T18:00:00Z,2025-07-05T06:00:00Z,3km,50.8,252,3,0.012005770096850344,0.7028112449799196,0.04365079365079365,4.5610722347814106
12h_06476,12,2025-07-04T00:00:00Z,2025-07-04T18:00:00Z,2025-07-05T06:00:00Z,gnn_csgd,50.8,252,3,0.011906940413003808,0.6479250334672021,0.04365079365079365,4.404972640337527
12h_06476,12,2025-07-04T00:00:00Z,2025-07-04T18:00:00Z,2025-07-05T06:00:00Z,025,76.2,252,2,0.007864083829954361,0.728,0.015873015873015872,4.515680289529586
12h_06476,12,2025-07-04T00:00:00Z,2025-07-04T18:00:00Z,2025-07-05T06:00:00Z,0125,76.2,252,2,0.007860714534351106,0.742,0.015873015873015872,4.553814707511681
12h_06476,12,2025-07-04T00:00:00Z,2025-07-04T18:00:00Z,2025-07-05T06:00:00Z,3km,76.2,252,2,0.007840062568264264,0.738,0.015873015873015872,4.5610722347814106
12h_06476,12,2025-07-04T00:00:00Z,2025-07-04T18:00:00Z,2025-07-05T06:00:00Z,gnn_csgd,76.2,252,2,0.007896675985869498,0.642,0.015873015873015872,4.404972640337527
12h_06477,12,2025-07-04T00:00:00Z,2025-07-05T00:00:00Z,2025-07-05T12:00:00Z,025,12.7,252,21,0.0749239421781477,0.7703566274994846,0.10714285714285714,4.919405937710533
12h_06477,12,2025-07-04T00:00:00Z,2025-07-05T00:00:00Z,2025-07-05T12:00:00Z,0125,12.7,252,21,0.07587331887417102,0.7674706246134818,0.10714285714285714,4.971887858465788
12h_06477,12,2025-07-04T00:00:00Z,2025-07-05T00:00:00Z,2025-07-05T12:00:00Z,3km,12.7,252,21,0.07514547242839868,0.7717996289424861,0.10714285714285714,4.927376498630789
12h_06477,12,2025-07-04T00:00:00Z,2025-07-05T00:00:00Z,2025-07-05T12:00:00Z,gnn_csgd,12.7,252,21,0.07326767742869941,0.860235003092146,0.10714285714285714,4.839499919051702
12h_06477,12,2025-07-04T00:00:00Z,2025-07-05T00:00:00Z,2025-07-05T12:00:00Z,025,25.4,252,11,0.041799840185248856,0.7385892116182573,0.051587301587301584,4.919405937710533
12h_06477,12,2025-07-04T00:00:00Z,2025-07-05T00:00:00Z,2025-07-05T12:00:00Z,0125,25.4,252,11,0.04194745983671662,0.7461335345152773,0.051587301587301584,4.971887858465788
12h_06477,12,2025-07-04T00:00:00Z,2025-07-05T00:00:00Z,2025-07-05T12:00:00Z,3km,25.4,252,11,0.041744923216137535,0.7668804224820822,0.051587301587301584,4.927376498630789
12h_06477,12,2025-07-04T00:00:00Z,2025-07-05T00:00:00Z,2025-07-05T12:00:00Z,gnn_csgd,25.4,252,11,0.040907456304282504,0.9215390418709921,0.051587301587301584,4.839499919051702
12h_06477,12,2025-07-04T00:00:00Z,2025-07-05T00:00:00Z,2025-07-05T12:00:00Z,025,50.8,252,4,0.015657815288693738,0.8195564516129032,0.01984126984126984,4.919405937710533
12h_06477,12,2025-07-04T00:00:00Z,2025-07-05T00:00:00Z,2025-07-05T12:00:00Z,0125,50.8,252,4,0.015663438411922987,0.8457661290322581,0.01984126984126984,4.971887858465788
12h_06477,12,2025-07-04T00:00:00Z,2025-07-05T00:00:00Z,2025-07-05T12:00:00Z,3km,50.8,252,4,0.015662694668455164,0.8215725806451613,0.01984126984126984,4.927376498630789
12h_06477,12,2025-07-04T00:00:00Z,2025-07-05T00:00:00Z,2025-07-05T12:00:00Z,gnn_csgd,50.8,252,4,0.015604893897226487,0.9314516129032258,0.01984126984126984,4.839499919051702
12h_06477,12,2025-07-04T00:00:00Z,2025-07-05T00:00:00Z,2025-07-05T12:00:00Z,025,76.2,252,3,0.011855821029056883,0.7978580990629184,0.011904761904761904,4.919405937710533
12h_06477,12,2025-07-04T00:00:00Z,2025-07-05T00:00:00Z,2025-07-05T12:00:00Z,0125,76.2,252,3,0.011855635000015819,0.8179384203480589,0.011904761904761904,4.971887858465788
12h_06477,12,2025-07-04T00:00:00Z,2025-07-05T00:00:00Z,2025-07-05T12:00:00Z,3km,76.2,252,3,0.011862398078762134,0.7817938420348058,0.011904761904761904,4.927376498630789
12h_06477,12,2025-07-04T00:00:00Z,2025-07-05T00:00:00Z,2025-07-05T12:00:00Z,gnn_csgd,76.2,252,3,0.011847485040870217,0.892904953145917,0.011904761904761904,4.839499919051702
12h_06478,12,2025-07-04T00:00:00Z,2025-07-05T06:00:00Z,2025-07-05T18:00:00Z,025,12.7,252,56,0.16210642724775629,0.8967747813411079,0.20634920634920634,8.308521773337027
12h_06478,12,2025-07-04T00:00:00Z,2025-07-05T06:00:00Z,2025-07-05T18:00:00Z,0125,12.7,252,56,0.1593204446953715,0.8931304664723032,0.20634920634920634,8.243306498988154
12h_06478,12,2025-07-04T00:00:00Z,2025-07-05T06:00:00Z,2025-07-05T18:00:00Z,3km,12.7,252,56,0.15676067468507476,0.8976858600583091,0.20634920634920634,8.137207130498846
12h_06478,12,2025-07-04T00:00:00Z,2025-07-05T06:00:00Z,2025-07-05T18:00:00Z,gnn_csgd,12.7,252,56,0.1598973740414489,0.9212827988338192,0.20634920634920634,8.276789415871566
12h_06478,12,2025-07-04T00:00:00Z,2025-07-05T06:00:00Z,2025-07-05T18:00:00Z,025,25.4,252,36,0.1184876922743081,0.9126800411522634,0.1388888888888889,8.308521773337027
12h_06478,12,2025-07-04T00:00:00Z,2025-07-05T06:00:00Z,2025-07-05T18:00:00Z,0125,25.4,252,36,0.11689521138024135,0.9014917695473251,0.1388888888888889,8.243306498988154
12h_06478,12,2025-07-04T00:00:00Z,2025-07-05T06:00:00Z,2025-07-05T18:00:00Z,3km,25.4,252,36,0.1158129759036058,0.9089506172839507,0.1388888888888889,8.137207130498846
12h_06478,12,2025-07-04T00:00:00Z,2025-07-05T06:00:00Z,2025-07-05T18:00:00Z,gnn_csgd,25.4,252,36,0.1198453458416476,0.9174382716049383,0.1388888888888889,8.276789415871566
12h_06478,12,2025-07-04T00:00:00Z,2025-07-05T06:00:00Z,2025-07-05T18:00:00Z,025,50.8,252,11,0.04053981232387171,0.9253112033195021,0.047619047619047616,8.308521773337027
12h_06478,12,2025-07-04T00:00:00Z,2025-07-05T06:00:00Z,2025-07-05T18:00:00Z,0125,50.8,252,11,0.040157925357626065,0.9162580158430781,0.047619047619047616,8.243306498988154
12h_06478,12,2025-07-04T00:00:00Z,2025-07-05T06:00:00Z,2025-07-05T18:00:00Z,3km,50.8,252,11,0.04015248634994963,0.9204073934364391,0.047619047619047616,8.137207130498846
12h_06478,12,2025-07-04T00:00:00Z,2025-07-05T06:00:00Z,2025-07-05T18:00:00Z,gnn_csgd,50.8,252,11,0.04122260428863006,0.9162580158430781,0.047619047619047616,8.276789415871566
12h_06478,12,2025-07-04T00:00:00Z,2025-07-05T06:00:00Z,2025-07-05T18:00:00Z,025,76.2,252,6,0.023007416336277477,0.9397018970189702,0.027777777777777776,8.308521773337027
12h_06478,12,2025-07-04T00:00:00Z,2025-07-05T06:00:00Z,2025-07-05T18:00:00Z,0125,76.2,252,6,0.02289232153116159,0.9302168021680217,0.027777777777777776,8.243306498988154
12h_06478,12,2025-07-04T00:00:00Z,2025-07-05T06:00:00Z,2025-07-05T18:00:00Z,3km,76.2,252,6,0.022946102394161425,0.926829268292683,0.027777777777777776,8.137207130498846
12h_06478,12,2025-07-04T00:00:00Z,2025-07-05T06:00:00Z,2025-07-05T18:00:00Z,gnn_csgd,76.2,252,6,0.02330133779678198,0.9261517615176151,0.027777777777777776,8.276789415871566
12h_06479,12,2025-07-05T00:00:00Z,2025-07-05T12:00:00Z,2025-07-06T00:00:00Z,025,12.7,252,59,0.1368653931340493,0.8705541406867481,0.24206349206349206,6.093955898176485
12h_06479,12,2025-07-05T00:00:00Z,2025-07-05T12:00:00Z,2025-07-06T00:00:00Z,0125,12.7,252,59,0.13829529952206823,0.8645824185474664,0.24206349206349206,6.120650765769308
12h_06479,12,2025-07-05T00:00:00Z,2025-07-05T12:00:00Z,2025-07-06T00:00:00Z,3km,12.7,252,59,0.13896538123059377,0.8564152103275665,0.24206349206349206,6.136688614408637
12h_06479,12,2025-07-05T00:00:00Z,2025-07-05T12:00:00Z,2025-07-06T00:00:00Z,gnn_csgd,12.7,252,59,0.13630087406160762,0.8743303767454115,0.24206349206349206,6.060104149203489
12h_06479,12,2025-07-05T00:00:00Z,2025-07-05T12:00:00Z,2025-07-06T00:00:00Z,025,25.4,252,34,0.10229550447624722,0.8556395035078251,0.15873015873015872,6.093955898176485
12h_06479,12,2025-07-05T00:00:00Z,2025-07-05T12:00:00Z,2025-07-06T00:00:00Z,0125,25.4,252,34,0.10243389386380199,0.8534808418780356,0.15873015873015872,6.120650765769308
12h_06479,12,2025-07-05T00:00:00Z,2025-07-05T12:00:00Z,2025-07-06T00:00:00Z,3km,25.4,252,34,0.10295218894040685,0.8401241230437129,0.15873015873015872,6.136688614408637
12h_06479,12,2025-07-05T00:00:00Z,2025-07-05T12:00:00Z,2025-07-06T00:00:00Z,gnn_csgd,25.4,252,34,0.1021961524559209,0.8661629789530491,0.15873015873015872,6.060104149203489
12h_06479,12,2025-07-05T00:00:00Z,2025-07-05T12:00:00Z,2025-07-06T00:00:00Z,025,50.8,252,10,0.036420220946452274,0.8384297520661157,0.06746031746031746,6.093955898176485
12h_06479,12,2025-07-05T00:00:00Z,2025-07-05T12:00:00Z,2025-07-06T00:00:00Z,0125,50.8,252,10,0.03629626879896975,0.8421487603305785,0.06746031746031746,6.120650765769308
12h_06479,12,2025-07-05T00:00:00Z,2025-07-05T12:00:00Z,2025-07-06T00:00:00Z,3km,50.8,252,10,0.0365755606325536,0.8235537190082645,0.06746031746031746,6.136688614408637
12h_06479,12,2025-07-05T00:00:00Z,2025-07-05T12:00:00Z,2025-07-06T00:00:00Z,gnn_csgd,50.8,252,10,0.036415114063671775,0.8652892561983471,0.06746031746031746,6.060104149203489
12h_06479,12,2025-07-05T00:00:00Z,2025-07-05T12:00:00Z,2025-07-06T00:00:00Z,025,76.2,252,6,0.02291937799427632,0.8834688346883469,0.031746031746031744,6.093955898176485
12h_06479,12,2025-07-05T00:00:00Z,2025-07-05T12:00:00Z,2025-07-06T00:00:00Z,0125,76.2,252,6,0.022793107559736722,0.8875338753387534,0.031746031746031744,6.120650765769308
12h_06479,12,2025-07-05T00:00:00Z,2025-07-05T12:00:00Z,2025-07-06T00:00:00Z,3km,76.2,252,6,0.022977754972868525,0.8407859078590786,0.031746031746031744,6.136688614408637
12h_06479,12,2025-07-05T00:00:00Z,2025-07-05T12:00:00Z,2025-07-06T00:00:00Z,gnn_csgd,76.2,252,6,0.02302124079320106,0.8902439024390244,0.031746031746031744,6.060104149203489
12h_06480,12,2025-07-05T00:00:00Z,2025-07-05T18:00:00Z,2025-07-06T06:00:00Z,025,12.7,252,20,0.07132083479900943,0.8573275862068965,0.19444444444444445,2.7522971167976076
12h_06480,12,2025-07-05T00:00:00Z,2025-07-05T18:00:00Z,2025-07-06T06:00:00Z,0125,12.7,252,20,0.0716144892010611,0.8459051724137931,0.19444444444444445,2.742197042258292
12h_06480,12,2025-07-05T00:00:00Z,2025-07-05T18:00:00Z,2025-07-06T06:00:00Z,3km,12.7,252,20,0.07121276610303161,0.8521551724137931,0.19444444444444445,2.754585897609308
12h_06480,12,2025-07-05T00:00:00Z,2025-07-05T18:00:00Z,2025-07-06T06:00:00Z,gnn_csgd,12.7,252,20,0.07252204892297288,0.8616379310344827,0.19444444444444445,2.7967075592075075
12h_06480,12,2025-07-05T00:00:00Z,2025-07-05T18:00:00Z,2025-07-06T06:00:00Z,025,25.4,252,7,0.028260272242032744,0.887463556851312,0.10317460317460317,2.7522971167976076
12h_06480,12,2025-07-05T00:00:00Z,2025-07-05T18:00:00Z,2025-07-06T06:00:00Z,0125,25.4,252,7,0.02802765885329866,0.889795918367347,0.10317460317460317,2.742197042258292
12h_06480,12,2025-07-05T00:00:00Z,2025-07-05T18:00:00Z,2025-07-06T06:00:00Z,3km,25.4,252,7,0.02761819514774419,0.889795918367347,0.10317460317460317,2.754585897609308
12h_06480,12,2025-07-05T00:00:00Z,2025-07-05T18:00:00Z,2025-07-06T06:00:00Z,gnn_csgd,25.4,252,7,0.027661335285877053,0.9002915451895044,0.10317460317460317,2.7967075592075075
12h_06480,12,2025-07-05T00:00:00Z,2025-07-05T18:00:00Z,2025-07-06T06:00:00Z,025,50.8,252,1,0.004253339621271942,0.9880478087649402,0.031746031746031744,2.7522971167976076
12h_06480,12,2025-07-05T00:00:00Z,2025-07-05T18:00:00Z,2025-07-06T06:00:00Z,0125,50.8,252,1,0.004147359677637945,1.0,0.031746031746031744,2.742197042258292
12h_06480,12,2025-07-05T00:00:00Z,2025-07-05T18:00:00Z,2025-07-06T06:00:00Z,3km,50.8,252,1,0.004169375284206807,0.9920318725099602,0.031746031746031744,2.754585897609308
12h_06480,12,2025-07-05T00:00:00Z,2025-07-05T18:00:00Z,2025-07-06T06:00:00Z,gnn_csgd,50.8,252,1,0.0040659820353738975,0.9960159362549801,0.031746031746031744,2.7967075592075075
12h_06480,12,2025-07-05T00:00:00Z,2025-07-05T18:00:00Z,2025-07-06T06:00:00Z,025,76.2,252,0,0.00014966544583779057,,0.015873015873015872,2.7522971167976076
12h_06480,12,2025-07-05T00:00:00Z,2025-07-05T18:00:00Z,2025-07-06T06:00:00Z,0125,76.2,252,0,0.00016290169009721556,,0.015873015873015872,2.742197042258292
12h_06480,12,2025-07-05T00:00:00Z,2025-07-05T18:00:00Z,2025-07-06T06:00:00Z,3km,76.2,252,0,0.0001410998452140443,,0.015873015873015872,2.754585897609308
12h_06480,12,2025-07-05T00:00:00Z,2025-07-05T18:00:00Z,2025-07-06T06:00:00Z,gnn_csgd,76.2,252,0,8.545453855330518e-05,,0.015873015873015872,2.7967075592075075
12h_06481,12,2025-07-05T00:00:00Z,2025-07-06T00:00:00Z,2025-07-06T12:00:00Z,025,12.7,252,11,0.04820216541930901,0.3855149000377216,0.11904761904761904,2.026272617532131
12h_06481,12,2025-07-05T00:00:00Z,2025-07-06T00:00:00Z,2025-07-06T12:00:00Z,0125,12.7,252,11,0.04797794192743167,0.4183327046397586,0.11904761904761904,2.0302075465379423
12h_06481,12,2025-07-05T00:00:00Z,2025-07-06T00:00:00Z,2025-07-06T12:00:00Z,3km,12.7,252,11,0.04672421161905068,0.45831761599396453,0.11904761904761904,1.993306094034443
12h_06481,12,2025-07-05T00:00:00Z,2025-07-06T00:00:00Z,2025-07-06T12:00:00Z,gnn_csgd,12.7,252,11,0.046503671859906656,0.4198415692191626,0.11904761904761904,1.973744123656971
12h_06481,12,2025-07-05T00:00:00Z,2025-07-06T00:00:00Z,2025-07-06T12:00:00Z,025,25.4,252,5,0.021052612081938222,0.3368421052631579,0.05952380952380952,2.026272617532131
12h_06481,12,2025-07-05T00:00:00Z,2025-07-06T00:00:00Z,2025-07-06T12:00:00Z,0125,25.4,252,5,0.02102699612613689,0.35060728744939273,0.05952380952380952,2.0302075465379423
12h_06481,12,2025-07-05T00:00:00Z,2025-07-06T00:00:00Z,2025-07-06T12:00:00Z,3km,25.4,252,5,0.020528912122211456,0.4137651821862348,0.05952380952380952,1.993306094034443
12h_06481,12,2025-07-05T00:00:00Z,2025-07-06T00:00:00Z,2025-07-06T12:00:00Z,gnn_csgd,25.4,252,5,0.02050395132320193,0.35303643724696354,0.05952380952380952,1.973744123656971
12h_06481,12,2025-07-05T00:00:00Z,2025-07-06T00:00:00Z,2025-07-06T12:00:00Z,025,50.8,252,0,0.00016776216312372976,,0.0,2.026272617532131
12h_06481,12,2025-07-05T00:00:00Z,2025-07-06T00:00:00Z,2025-07-06T12:00:00Z,0125,50.8,252,0,0.0001642390754358132,,0.0,2.0302075465379423
12h_06481,12,2025-07-05T00:00:00Z,2025-07-06T00:00:00Z,2025-07-06T12:00:00Z,3km,50.8,252,0,0.00013256848531862232,,0.0,1.993306094034443
12h_06481,12,2025-07-05T00:00:00Z,2025-07-06T00:00:00Z,2025-07-06T12:00:00Z,gnn_csgd,50.8,252,0,0.00011201041662813941,,0.0,1.973744123656971
12h_06481,12,2025-07-05T00:00:00Z,2025-07-06T00:00:00Z,2025-07-06T12:00:00Z,025,76.2,252,0,1.8509297862776787e-05,,0.0,2.026272617532131
12h_06481,12,2025-07-05T00:00:00Z,2025-07-06T00:00:00Z,2025-07-06T12:00:00Z,0125,76.2,252,0,1.7438852069730126e-05,,0.0,2.0302075465379423
12h_06481,12,2025-07-05T00:00:00Z,2025-07-06T00:00:00Z,2025-07-06T12:00:00Z,3km,76.2,252,0,1.2818598427382616e-05,,0.0,1.993306094034443
12h_06481,12,2025-07-05T00:00:00Z,2025-07-06T00:00:00Z,2025-07-06T12:00:00Z,gnn_csgd,76.2,252,0,1.0044721902461175e-05,,0.0,1.973744123656971
12h_06482,12,2025-07-05T00:00:00Z,2025-07-06T06:00:00Z,2025-07-06T18:00:00Z,025,12.7,252,29,0.09419103222379899,0.818926859440235,0.14682539682539683,4.202121368746884
12h_06482,12,2025-07-05T00:00:00Z,2025-07-06T06:00:00Z,2025-07-06T18:00:00Z,0125,12.7,252,29,0.09404788428095762,0.8229472707592392,0.14682539682539683,4.218724952451674
12h_06482,12,2025-07-05T00:00:00Z,2025-07-06T06:00:00Z,2025-07-06T18:00:00Z,3km,12.7,252,29,0.09324323586050247,0.8223287459409309,0.14682539682539683,4.2135952036479045
12h_06482,12,2025-07-05T00:00:00Z,2025-07-06T06:00:00Z,2025-07-06T18:00:00Z,gnn_csgd,12.7,252,29,0.0974037171745263,0.7903200865934745,0.14682539682539683,4.31438516329938
12h_06482,12,2025-07-05T00:00:00Z,2025-07-06T06:00:00Z,2025-07-06T18:00:00Z,025,25.4,252,12,0.04289531702645432,0.9083333333333333,0.06349206349206349,4.202121368746884
12h_06482,12,2025-07-05T00:00:00Z,2025-07-06T06:00:00Z,2025-07-06T18:00:00Z,0125,25.4,252,12,0.04239063563192979,0.9364583333333333,0.06349206349206349,4.218724952451674
12h_06482,12,2025-07-05T00:00:00Z,2025-07-06T06:00:00Z,2025-07-06T18:00:00Z,3km,25.4,252,12,0.042366406104087644,0.9152777777777777,0.06349206349206349,4.2135952036479045
12h_06482,12,2025-07-05T00:00:00Z,2025-07-06T06:00:00Z,2025-07-06T18:00:00Z,gnn_csgd,25.4,252,12,0.04420976951814181,0.8322916666666667,0.06349206349206349,4.31438516329938
12h_06482,12,2025-07-05T00:00:00Z,2025-07-06T06:00:00Z,2025-07-06T18:00:00Z,025,50.8,252,7,0.026879491542044734,0.9008746355685131,0.027777777777777776,4.202121368746884
12h_06482,12,2025-07-05T00:00:00Z,2025-07-06T06:00:00Z,2025-07-06T18:00:00Z,0125,50.8,252,7,0.026730207904141164,0.9475218658892128,0.027777777777777776,4.218724952451674
12h_06482,12,2025-07-05T00:00:00Z,2025-07-06T06:00:00Z,2025-07-06T18:00:00Z,3km,50.8,252,7,0.026724998775275465,0.9428571428571428,0.027777777777777776,4.2135952036479045
12h_06482,12,2025-07-05T00:00:00Z,2025-07-06T06:00:00Z,2025-07-06T18:00:00Z,gnn_csgd,50.8,252,7,0.027210173589678303,0.749271137026239,0.027777777777777776,4.31438516329938
12h_06482,12,2025-07-05T00:00:00Z,2025-07-06T06:00:00Z,2025-07-06T18:00:00Z,025,76.2,252,2,0.007869539013509858,0.82,0.007936507936507936,4.202121368746884
12h_06482,12,2025-07-05T00:00:00Z,2025-07-06T06:00:00Z,2025-07-06T18:00:00Z,0125,76.2,252,2,0.007842071643379337,0.932,0.007936507936507936,4.218724952451674
12h_06482,12,2025-07-05T00:00:00Z,2025-07-06T06:00:00Z,2025-07-06T18:00:00Z,3km,76.2,252,2,0.007855701661564282,0.902,0.007936507936507936,4.2135952036479045
12h_06482,12,2025-07-05T00:00:00Z,2025-07-06T06:00:00Z,2025-07-06T18:00:00Z,gnn_csgd,76.2,252,2,0.007897511961312642,0.594,0.007936507936507936,4.31438516329938
12h_06483,12,2025-07-06T00:00:00Z,2025-07-06T12:00:00Z,2025-07-07T00:00:00Z,025,12.7,252,64,0.17495682175115257,0.6889128989361702,0.29365079365079366,6.098015726353575
12h_06483,12,2025-07-06T00:00:00Z,2025-07-06T12:00:00Z,2025-07-07T00:00:00Z,0125,12.7,252,64,0.17412996948369774,0.6978889627659575,0.29365079365079366,6.024200983895031
12h_06483,12,2025-07-06T00:00:00Z,2025-07-06T12:00:00Z,2025-07-07T00:00:00Z,3km,12.7,252,64,0.17501057105372972,0.6993018617021277,0.29365079365079366,6.0439539832152125
12h_06483,12,2025-07-06T00:00:00Z,2025-07-06T12:00:00Z,2025-07-07T00:00:00Z,gnn_csgd,12.7,252,64,0.17333292627665858,0.702875664893617,0.29365079365079366,5.967214525190948
12h_06483,12,2025-07-06T00:00:00Z,2025-07-06T12:00:00Z,2025-07-07T00:00:00Z,025,25.4,252,26,0.09184608347964039,0.6397208985704561,0.19444444444444445,6.098015726353575
12h_06483,12,2025-07-06T00:00:00Z,2025-07-06T12:00:00Z,2025-07-07T00:00:00Z,0125,25.4,252,26,0.0892908891635328,0.6650782845473111,0.19444444444444445,6.024200983895031
12h_06483,12,2025-07-06T00:00:00Z,2025-07-06T12:00:00Z,2025-07-07T00:00:00Z,3km,25.4,252,26,0.09029823713878833,0.6567392784206944,0.19444444444444445,6.0439539832152125
12h_06483,12,2025-07-06T00:00:00Z,2025-07-06T12:00:00Z,2025-07-07T00:00:00Z,gnn_csgd,25.4,252,26,0.09028857525272296,0.6604833219877467,0.19444444444444445,5.967214525190948
12h_06483,12,2025-07-06T00:00:00Z,2025-07-06T12:00:00Z,2025-07-07T00:00:00Z,025,50.8,252,7,0.025893662565632948,0.7440233236151603,0.08333333333333333,6.098015726353575
12h_06483,12,2025-07-06T00:00:00Z,2025-07-06T12:00:00Z,2025-07-07T00:00:00Z,0125,50.8,252,7,0.025411554059621415,0.7725947521865889,0.08333333333333333,6.024200983895031
12h_06483,12,2025-07-06T00:00:00Z,2025-07-06T12:00:00Z,2025-07-07T00:00:00Z,3km,50.8,252,7,0.025338648339773215,0.7720116618075802,0.08333333333333333,6.0439539832152125
12h_06483,12,2025-07-06T00:00:00Z,2025-07-06T12:00:00Z,2025-07-07T00:00:00Z,gnn_csgd,50.8,252,7,0.02625207987898536,0.7288629737609329,0.08333333333333333,5.967214525190948
12h_06483,12,2025-07-06T00:00:00Z,2025-07-06T12:00:00Z,2025-07-07T00:00:00Z,025,76.2,252,2,0.007823105092754901,0.82,0.01984126984126984,6.098015726353575
12h_06483,12,2025-07-06T00:00:00Z,2025-07-06T12:00:00Z,2025-07-07T00:00:00Z,0125,76.2,252,2,0.007701377171541683,0.918,0.01984126984126984,6.024200983895031
12h_06483,12,2025-07-06T00:00:00Z,2025-07-06T12:00:00Z,2025-07-07T00:00:00Z,3km,76.2,252,2,0.007743997792531222,0.912,0.01984126984126984,6.0439539832152125
12h_06483,12,2025-07-06T00:00:00Z,2025-07-06T12:00:00Z,2025-07-07T00:00:00Z,gnn_csgd,76.2,252,2,0.007840744403147495,0.772,0.01984126984126984,5.967214525190948
12h_06484,12,2025-07-06T00:00:00Z,2025-07-06T18:00:00Z,2025-07-07T06:00:00Z,025,12.7,252,46,0.15364705942231555,0.5620514985225834,0.28174603174603174,4.7554398585759
12h_06484,12,2025-07-06T00:00:00Z,2025-07-06T18:00:00Z,2025-07-07T06:00:00Z,0125,12.7,252,46,0.15216596697903803,0.5720768256648375,0.28174603174603174,4.702966474711628
12h_06484,12,2025-07-06T00:00:00Z,2025-07-06T18:00:00Z,2025-07-07T06:00:00Z,3km,12.7,252,46,0.15269909688174615,0.572498944702406,0.28174603174603174,4.685344847664164
12h_06484,12,2025-07-06T00:00:00Z,2025-07-06T18:00:00Z,2025-07-07T06:00:00Z,gnn_csgd,12.7,252,46,0.15184104635582168,0.5733431827775433,0.28174603174603174,4.6521158156455975
12h_06484,12,2025-07-06T00:00:00Z,2025-07-06T18:00:00Z,2025-07-07T06:00:00Z,025,25.4,252,17,0.065852046127287,0.4708385481852315,0.14285714285714285,4.7554398585759
12h_06484,12,2025-07-06T00:00:00Z,2025-07-06T18:00:00Z,2025-07-07T06:00:00Z,0125,25.4,252,17,0.06483078571253864,0.5028785982478098,0.14285714285714285,4.702966474711628
12h_06484,12,2025-07-06T00:00:00Z,2025-07-06T18:00:00Z,2025-07-07T06:00:00Z,3km,25.4,252,17,0.06484637095053901,0.504630788485607,0.14285714285714285,4.685344847664164
12h_06484,12,2025-07-06T00:00:00Z,2025-07-06T18:00:00Z,2025-07-07T06:00:00Z,gnn_csgd,25.4,252,17,0.06466984476035947,0.5038798498122653,0.14285714285714285,4.6521158156455975
12h_06484,12,2025-07-06T00:00:00Z,2025-07-06T18:00:00Z,2025-07-07T06:00:00Z,025,50.8,252,2,0.00843568595700053,0.338,0.023809523809523808,4.7554398585759
12h_06484,12,2025-07-06T00:00:00Z,2025-07-06T18:00:00Z,2025-07-07T06:00:00Z,0125,50.8,252,2,0.008394365880610911,0.354,0.023809523809523808,4.702966474711628
12h_06484,12,2025-07-06T00:00:00Z,2025-07-06T18:00:00Z,2025-07-07T06:00:00Z,3km,50.8,252,2,0.008407814298437935,0.37,0.023809523809523808,4.685344847664164
12h_06484,12,2025-07-06T00:00:00Z,2025-07-06T18:00:00Z,2025-07-07T06:00:00Z,gnn_csgd,50.8,252,2,0.008187554443258924,0.32,0.023809523809523808,4.6521158156455975
12h_06484,12,2025-07-06T00:00:00Z,2025-07-06T18:00:00Z,2025-07-07T06:00:00Z,025,76.2,252,0,6.727190076723175e-05,,0.007936507936507936,4.7554398585759
12h_06484,12,2025-07-06T00:00:00Z,2025-07-06T18:00:00Z,2025-07-07T06:00:00Z,0125,76.2,252,0,6.632062854646461e-05,,0.007936507936507936,4.702966474711628
12h_06484,12,2025-07-06T00:00:00Z,2025-07-06T18:00:00Z,2025-07-07T06:00:00Z,3km,76.2,252,0,6.226116863010304e-05,,0.007936507936507936,4.685344847664164
12h_06484,12,2025-07-06T00:00:00Z,2025-07-06T18:00:00Z,2025-07-07T06:00:00Z,gnn_csgd,76.2,252,0,3.0013897917839693e-05,,0.007936507936507936,4.6521158156455975
12h_06485,12,2025-07-06T00:00:00Z,2025-07-07T00:00:00Z,2025-07-07T12:00:00Z,025,12.7,252,7,0.026264826585173047,0.7615160349854228,0.031746031746031744,1.1634968169478663
12h_06485,12,2025-07-06T00:00:00Z,2025-07-07T00:00:00Z,2025-07-07T12:00:00Z,0125,12.7,252,7,0.026341999555174824,0.7795918367346939,0.031746031746031744,1.1722911247481904
12h_06485,12,2025-07-06T00:00:00Z,2025-07-07T00:00:00Z,2025-07-07T12:00:00Z,3km,12.7,252,7,0.02619504517735043,0.7970845481049562,0.031746031746031744,1.1591392632518311
12h_06485,12,2025-07-06T00:00:00Z,2025-07-07T00:00:00Z,2025-07-07T12:00:00Z,gnn_csgd,12.7,252,7,0.02638130263941792,0.7912536443148688,0.031746031746031744,1.1777488922928159
12h_06485,12,2025-07-06T00:00:00Z,2025-07-07T00:00:00Z,2025-07-07T12:00:00Z,025,25.4,252,2,0.007717192856954892,0.868,0.007936507936507936,1.1634968169478663
12h_06485,12,2025-07-06T00:00:00Z,2025-07-07T00:00:00Z,2025-07-07T12:00:00Z,0125,25.4,252,2,0.007682729283437845,0.948,0.007936507936507936,1.1722911247481904
12h_06485,12,2025-07-06T00:00:00Z,2025-07-07T00:00:00Z,2025-07-07T12:00:00Z,3km,25.4,252,2,0.007668850559953553,0.948,0.007936507936507936,1.1591392632518311
12h_06485,12,2025-07-06T00:00:00Z,2025-07-07T00:00:00Z,2025-07-07T12:00:00Z,gnn_csgd,25.4,252,2,0.007791566223356124,0.826,0.007936507936507936,1.1777488922928159
12h_06485,12,2025-07-06T00:00:00Z,2025-07-07T00:00:00Z,2025-07-07T12:00:00Z,025,50.8,252,0,7.5702832150567825e-06,,0.0,1.1634968169478663
12h_06485,12,2025-07-06T00:00:00Z,2025-07-07T00:00:00Z,2025-07-07T12:00:00Z,0125,50.8,252,0,6.515164549392928e-06,,0.0,1.1722911247481904
12h_06485,12,2025-07-06T00:00:00Z,2025-07-07T00:00:00Z,2025-07-07T12:00:00Z,3km,50.8,252,0,8.436303003995338e-06,,0.0,1.1591392632518311
12h_06485,12,2025-07-06T00:00:00Z,2025-07-07T00:00:00Z,2025-07-07T12:00:00Z,gnn_csgd,50.8,252,0,3.3290284058656777e-06,,0.0,1.1777488922928159
12h_06485,12,2025-07-06T00:00:00Z,2025-07-07T00:00:00Z,2025-07-07T12:00:00Z,025,76.2,252,0,5.829929456252948e-07,,0.0,1.1634968169478663
12h_06485,12,2025-07-06T00:00:00Z,2025-07-07T00:00:00Z,2025-07-07T12:00:00Z,0125,76.2,252,0,4.566428563368072e-07,,0.0,1.1722911247481904
12h_06485,12,2025-07-06T00:00:00Z,2025-07-07T00:00:00Z,2025-07-07T12:00:00Z,3km,76.2,252,0,5.931044166918852e-07,,0.0,1.1591392632518311
12h_06485,12,2025-07-06T00:00:00Z,2025-07-07T00:00:00Z,2025-07-07T12:00:00Z,gnn_csgd,76.2,252,0,1.9965805305809294e-07,,0.0,1.1777488922928159
12h_06486,12,2025-07-06T00:00:00Z,2025-07-07T06:00:00Z,2025-07-07T18:00:00Z,025,12.7,252,30,0.10510904508548642,0.7084084084084085,0.14285714285714285,4.034447273505969
12h_06486,12,2025-07-06T00:00:00Z,2025-07-07T06:00:00Z,2025-07-07T18:00:00Z,0125,12.7,252,30,0.10508376845026059,0.6884384384384384,0.14285714285714285,4.029453955913691
12h_06486,12,2025-07-06T00:00:00Z,2025-07-07T06:00:00Z,2025-07-07T18:00:00Z,3km,12.7,252,30,0.10581780371064972,0.6454954954954955,0.14285714285714285,4.064227403651765
12h_06486,12,2025-07-06T00:00:00Z,2025-07-07T06:00:00Z,2025-07-07T18:00:00Z,gnn_csgd,12.7,252,30,0.10588512310751183,0.7621621621621621,0.14285714285714285,4.060030239609609
12h_06486,12,2025-07-06T00:00:00Z,2025-07-07T06:00:00Z,2025-07-07T18:00:00Z,025,25.4,252,12,0.04563485328464981,0.659375,0.06349206349206349,4.034447273505969
12h_06486,12,2025-07-06T00:00:00Z,2025-07-07T06:00:00Z,2025-07-07T18:00:00Z,0125,25.4,252,12,0.045560479055660984,0.6767361111111111,0.06349206349206349,4.029453955913691
12h_06486,12,2025-07-06T00:00:00Z,2025-07-07T06:00:00Z,2025-07-07T18:00:00Z,3km,25.4,252,12,0.0457803078438875,0.6496527777777777,0.06349206349206349,4.064227403651765
12h_06486,12,2025-07-06T00:00:00Z,2025-07-07T06:00:00Z,2025-07-07T18:00:00Z,gnn_csgd,25.4,252,12,0.04547314416793071,0.7350694444444444,0.06349206349206349,4.060030239609609
12h_06486,12,2025-07-06T00:00:00Z,2025-07-07T06:00:00Z,2025-07-07T18:00:00Z,025,50.8,252,3,0.011813182809495013,0.5301204819277109,0.01984126984126984,4.034447273505969
12h_06486,12,2025-07-06T00:00:00Z,2025-07-07T06:00:00Z,2025-07-07T18:00:00Z,0125,50.8,252,3,0.011815662898599241,0.6211512717536813,0.01984126984126984,4.029453955913691
12h_06486,12,2025-07-06T00:00:00Z,2025-07-07T06:00:00Z,2025-07-07T18:00:00Z,3km,50.8,252,3,0.011828732512922923,0.6131191432396251,0.01984126984126984,4.064227403651765
12h_06486,12,2025-07-06T00:00:00Z,2025-07-07T06:00:00Z,2025-07-07T18:00:00Z,gnn_csgd,50.8,252,3,0.011738157755970388,0.8433734939759037,0.01984126984126984,4.060030239609609
12h_06486,12,2025-07-06T00:00:00Z,2025-07-07T06:00:00Z,2025-07-07T18:00:00Z,025,76.2,252,1,0.003961024158519507,0.4860557768924303,0.003968253968253968,4.034447273505969
12h_06486,12,2025-07-06T00:00:00Z,2025-07-07T06:00:00Z,2025-07-07T18:00:00Z,0125,76.2,252,1,0.003958368671768166,0.6573705179282868,0.003968253968253968,4.029453955913691
12h_06486,12,2025-07-06T00:00:00Z,2025-07-07T06:00:00Z,2025-07-07T18:00:00Z,3km,76.2,252,1,0.003958737811663872,0.6653386454183267,0.003968253968253968,4.064227403651765
12h_06486,12,2025-07-06T00:00:00Z,2025-07-07T06:00:00Z,2025-07-07T18:00:00Z,gnn_csgd,76.2,252,1,0.0039453428305019494,0.9402390438247012,0.003968253968253968,4.060030239609609
24h_06471,24,2025-07-03T00:00:00Z,2025-07-03T00:00:00Z,2025-07-04T00:00:00Z,025,12.7,252,65,0.186283320122491,0.6363636363636364,0.3492063492063492,4.68334316543146
24h_06471,24,2025-07-03T00:00:00Z,2025-07-03T00:00:00Z,2025-07-04T00:00:00Z,0125,12.7,252,65,0.19351867716835508,0.6037844508432744,0.3492063492063492,4.8057768818020055
24h_06471,24,2025-07-03T00:00:00Z,2025-07-03T00:00:00Z,2025-07-04T00:00:00Z,3km,12.7,252,65,0.1975872996444676,0.5911147675853559,0.3492063492063492,4.907319610501717
24h_06471,24,2025-07-03T00:00:00Z,2025-07-03T00:00:00Z,2025-07-04T00:00:00Z,gnn_csgd,12.7,252,65,0.1954210966735613,0.5890580008227067,0.3492063492063492,4.740266235257928
24h_06471,24,2025-07-03T00:00:00Z,2025-07-03T00:00:00Z,2025-07-04T00:00:00Z,025,25.4,252,18,0.07274538801967372,0.5683760683760684,0.1349206349206349,4.68334316543146
24h_06471,24,2025-07-03T00:00:00Z,2025-07-03T00:00:00Z,2025-07-04T00:00:00Z,0125,25.4,252,18,0.07357713666305159,0.5555555555555556,0.1349206349206349,4.8057768818020055
24h_06471,24,2025-07-03T00:00:00Z,2025-07-03T00:00:00Z,2025-07-04T00:00:00Z,3km,25.4,252,18,0.07552689262005413,0.5458214624881291,0.1349206349206349,4.907319610501717
24h_06471,24,2025-07-03T00:00:00Z,2025-07-03T00:00:00Z,2025-07-04T00:00:00Z,gnn_csgd,25.4,252,18,0.07347285412473566,0.5251661918328585,0.1349206349206349,4.740266235257928
24h_06471,24,2025-07-03T00:00:00Z,2025-07-03T00:00:00Z,2025-07-04T00:00:00Z,025,50.8,252,1,0.0049632209089016605,0.5737051792828686,0.015873015873015872,4.68334316543146
24h_06471,24,2025-07-03T00:00:00Z,2025-07-03T00:00:00Z,2025-07-04T00:00:00Z,0125,50.8,252,1,0.005029198750999673,0.42231075697211157,0.015873015873015872,4.8057768818020055
24h_06471,24,2025-07-03T00:00:00Z,2025-07-03T00:00:00Z,2025-07-04T00:00:00Z,3km,50.8,252,1,0.005297449679707607,0.4262948207171315,0.015873015873015872,4.907319610501717
24h_06471,24,2025-07-03T00:00:00Z,2025-07-03T00:00:00Z,2025-07-04T00:00:00Z,gnn_csgd,50.8,252,1,0.004551300084386405,0.6733067729083665,0.015873015873015872,4.740266235257928
24h_06471,24,2025-07-03T00:00:00Z,2025-07-03T00:00:00Z,2025-07-04T00:00:00Z,025,76.2,252,0,8.126543115281078e-05,,0.0,4.68334316543146
24h_06471,24,2025-07-03T00:00:00Z,2025-07-03T00:00:00Z,2025-07-04T00:00:00Z,0125,76.2,252,0,8.678664373937267e-05,,0.0,4.8057768818020055
24h_06471,24,2025-07-03T00:00:00Z,2025-07-03T00:00:00Z,2025-07-04T00:00:00Z,3km,76.2,252,0,0.00011566040205282681,,0.0,4.907319610501717
24h_06471,24,2025-07-03T00:00:00Z,2025-07-03T00:00:00Z,2025-07-04T00:00:00Z,gnn_csgd,76.2,252,0,3.7193073676206826e-05,,0.0,4.740266235257928
24h_06471,24,2025-07-03T00:00:00Z,2025-07-03T00:00:00Z,2025-07-04T00:00:00Z,025,127.0,252,0,5.300932520170351e-07,,0.0,4.68334316543146
24h_06471,24,2025-07-03T00:00:00Z,2025-07-03T00:00:00Z,2025-07-04T00:00:00Z,0125,127.0,252,0,6.262640038065397e-07,,0.0,4.8057768818020055
24h_06471,24,2025-07-03T00:00:00Z,2025-07-03T00:00:00Z,2025-07-04T00:00:00Z,3km,127.0,252,0,9.532586158333763e-07,,0.0,4.907319610501717
24h_06471,24,2025-07-03T00:00:00Z,2025-07-03T00:00:00Z,2025-07-04T00:00:00Z,gnn_csgd,127.0,252,0,1.322919253818847e-07,,0.0,4.740266235257928
24h_06472,24,2025-07-03T00:00:00Z,2025-07-03T06:00:00Z,2025-07-04T06:00:00Z,025,12.7,252,113,0.23326070269482138,0.7389062201566181,0.3333333333333333,8.158105264675564
24h_06472,24,2025-07-03T00:00:00Z,2025-07-03T06:00:00Z,2025-07-04T06:00:00Z,0125,12.7,252,113,0.23493509492040976,0.7139491946265996,0.3333333333333333,8.16269330827605
24h_06472,24,2025-07-03T00:00:00Z,2025-07-03T06:00:00Z,2025-07-04T06:00:00Z,3km,12.7,252,113,0.2359924554412712,0.7063092888521042,0.3333333333333333,8.153505122568111
24h_06472,24,2025-07-03T00:00:00Z,2025-07-03T06:00:00Z,2025-07-04T06:00:00Z,gnn_csgd,12.7,252,113,0.22087622880184898,0.7631629209906411,0.3333333333333333,7.802975517531431
24h_06472,24,2025-07-03T00:00:00Z,2025-07-03T06:00:00Z,2025-07-04T06:00:00Z,025,25.4,252,55,0.16694102155243978,0.6807568066451315,0.27380952380952384,8.158105264675564
24h_06472,24,2025-07-03T00:00:00Z,2025-07-03T06:00:00Z,2025-07-04T06:00:00Z,0125,25.4,252,55,0.1666865298689766,0.6742039686202123,0.27380952380952384,8.16269330827605
24h_06472,24,2025-07-03T00:00:00Z,2025-07-03T06:00:00Z,2025-07-04T06:00:00Z,3km,25.4,252,55,0.1648344847737396,0.6912782648823258,0.27380952380952384,8.153505122568111
24h_06472,24,2025-07-03T00:00:00Z,2025-07-03T06:00:00Z,2025-07-04T06:00:00Z,gnn_csgd,25.4,252,55,0.16335101361481733,0.705122288878634,0.27380952380952384,7.802975517531431
24h_06472,24,2025-07-03T00:00:00Z,2025-07-03T06:00:00Z,2025-07-04T06:00:00Z,025,50.8,252,11,0.04107483135253246,0.6944549226706903,0.05952380952380952,8.158105264675564
24h_06472,24,2025-07-03T00:00:00Z,2025-07-03T06:00:00Z,2025-07-04T06:00:00Z,0125,50.8,252,11,0.04115835098630152,0.6789890607317993,0.05952380952380952,8.16269330827605
24h_06472,24,2025-07-03T00:00:00Z,2025-07-03T06:00:00Z,2025-07-04T06:00:00Z,3km,50.8,252,11,0.041326716706822114,0.6601282534892493,0.05952380952380952,8.153505122568111
24h_06472,24,2025-07-03T00:00:00Z,2025-07-03T06:00:00Z,2025-07-04T06:00:00Z,gnn_csgd,50.8,252,11,0.04110316726154493,0.6835156544700113,0.05952380952380952,7.802975517531431
24h_06472,24,2025-07-03T00:00:00Z,2025-07-03T06:00:00Z,2025-07-04T06:00:00Z,025,76.2,252,2,0.007802685777713132,0.844,0.015873015873015872,8.158105264675564
24h_06472,24,2025-07-03T00:00:00Z,2025-07-03T06:00:00Z,2025-07-04T06:00:00Z,0125,76.2,252,2,0.007795830033489666,0.868,0.015873015873015872,8.16269330827605
24h_06472,24,2025-07-03T00:00:00Z,2025-07-03T06:00:00Z,2025-07-04T06:00:00Z,3km,76.2,252,2,0.007766374042528491,0.908,0.015873015873015872,8.153505122568111
24h_06472,24,2025-07-03T00:00:00Z,2025-07-03T06:00:00Z,2025-07-04T06:00:00Z,gnn_csgd,76.2,252,2,0.007819021897806578,0.8,0.015873015873015872,7.802975517531431
24h_06472,24,2025-07-03T00:00:00Z,2025-07-03T06:00:00Z,2025-07-04T06:00:00Z,025,127.0,252,0,1.6527752173985441e-06,,0.0,8.158105264675564
24h_06472,24,2025-07-03T00:00:00Z,2025-07-03T06:00:00Z,2025-07-04T06:00:00Z,0125,127.0,252,0,1.6272830606650496e-06,,0.0,8.16269330827605
24h_06472,24,2025-07-03T00:00:00Z,2025-07-03T06:00:00Z,2025-07-04T06:00:00Z,3km,127.0,252,0,2.1645309580556967e-06,,0.0,8.153505122568111
24h_06472,24,2025-07-03T00:00:00Z,2025-07-03T06:00:00Z,2025-07-04T06:00:00Z,gnn_csgd,127.0,252,0,3.7644763306951187e-07,,0.0,7.802975517531431
24h_06473,24,2025-07-03T00:00:00Z,2025-07-03T12:00:00Z,2025-07-04T12:00:00Z,025,12.7,252,136,0.21307159376425217,0.8573782961460447,0.31746031746031744,17.14047039819109
24h_06473,24,2025-07-03T00:00:00Z,2025-07-03T12:00:00Z,2025-07-04T12:00:00Z,0125,12.7,252,136,0.21568142705330265,0.8408975659229209,0.31746031746031744,17.18403004835434
24h_06473,24,2025-07-03T00:00:00Z,2025-07-03T12:00:00Z,2025-07-04T12:00:00Z,3km,12.7,252,136,0.2170745544885958,0.8262550709939148,0.31746031746031744,17.183447700512353
24h_06473,24,2025-07-03T00:00:00Z,2025-07-03T12:00:00Z,2025-07-04T12:00:00Z,gnn_csgd,12.7,252,136,0.19225557367536733,0.8490745436105477,0.31746031746031744,16.595305232215022
24h_06473,24,2025-07-03T00:00:00Z,2025-07-03T12:00:00Z,2025-07-04T12:00:00Z,025,25.4,252,85,0.20855290230411286,0.7938710813666784,0.31746031746031744,17.14047039819109
24h_06473,24,2025-07-03T00:00:00Z,2025-07-03T12:00:00Z,2025-07-04T12:00:00Z,0125,25.4,252,85,0.20852634124312439,0.790841845720324,0.31746031746031744,17.18403004835434
24h_06473,24,2025-07-03T00:00:00Z,2025-07-03T12:00:00Z,2025-07-04T12:00:00Z,3km,25.4,252,85,0.20579149777983644,0.7934483973230011,0.31746031746031744,17.183447700512353
24h_06473,24,2025-07-03T00:00:00Z,2025-07-03T12:00:00Z,2025-07-04T12:00:00Z,gnn_csgd,25.4,252,85,0.19849796403148098,0.8085945755547728,0.31746031746031744,16.595305232215022
24h_06473,24,2025-07-03T00:00:00Z,2025-07-03T12:00:00Z,2025-07-04T12:00:00Z,025,50.8,252,44,0.14255674884811298,0.7956730769230769,0.1626984126984127,17.14047039819109
24h_06473,24,2025-07-03T00:00:00Z,2025-07-03T12:00:00Z,2025-07-04T12:00:00Z,0125,50.8,252,44,0.14191982089676905,0.8008085664335665,0.1626984126984127,17.18403004835434
24h_06473,24,2025-07-03T00:00:00Z,2025-07-03T12:00:00Z,2025-07-04T12:00:00Z,3km,50.8,252,44,0.14057432580270904,0.791083916083916,0.1626984126984127,17.183447700512353
24h_06473,24,2025-07-03T00:00:00Z,2025-07-03T12:00:00Z,2025-07-04T12:00:00Z,gnn_csgd,50.8,252,44,0.1412601145220474,0.8524912587412588,0.1626984126984127,16.595305232215022
24h_06473,24,2025-07-03T00:00:00Z,2025-07-03T12:00:00Z,2025-07-04T12:00:00Z,025,76.2,252,26,0.09436316908058207,0.7765486725663717,0.10317460317460317,17.14047039819109
24h_06473,24,2025-07-03T00:00:00Z,2025-07-03T12:00:00Z,2025-07-04T12:00:00Z,0125,76.2,252,26,0.09397944391903945,0.7922055820285909,0.10317460317460317,17.18403004835434
24h_06473,24,2025-07-03T00:00:00Z,2025-07-03T12:00:00Z,2025-07-04T12:00:00Z,3km,76.2,252,26,0.09416159292798235,0.7773995915588836,0.10317460317460317,17.183447700512353
24h_06473,24,2025-07-03T00:00:00Z,2025-07-03T12:00:00Z,2025-07-04T12:00:00Z,gnn_csgd,76.2,252,26,0.09528471269160674,0.8468345813478557,0.10317460317460317,16.595305232215022
24h_06473,24,2025-07-03T00:00:00Z,2025-07-03T12:00:00Z,2025-07-04T12:00:00Z,025,127.0,252,13,0.05075832738067028,0.7476665593820405,0.05555555555555555,17.14047039819109
24h_06473,24,2025-07-03T00:00:00Z,2025-07-03T12:00:00Z,2025-07-04T12:00:00Z,0125,127.0,252,13,0.05069211979392086,0.7605407145156099,0.05555555555555555,17.18403004835434
24h_06473,24,2025-07-03T00:00:00Z,2025-07-03T12:00:00Z,2025-07-04T12:00:00Z,3km,127.0,252,13,0.05087848123003041,0.7360798197618281,0.05555555555555555,17.183447700512353
24h_06473,24,2025-07-03T00:00:00Z,2025-07-03T12:00:00Z,2025-07-04T12:00:00Z,gnn_csgd,127.0,252,13,0.051022154276863574,0.8458319922755069,0.05555555555555555,16.595305232215022
24h_06474,24,2025-07-03T00:00:00Z,2025-07-03T18:00:00Z,2025-07-04T18:00:00Z,025,12.7,252,132,0.20610058298413367,0.890719696969697,0.2698412698412698,23.18833660436401
24h_06474,24,2025-07-03T00:00:00Z,2025-07-03T18:00:00Z,2025-07-04T18:00:00Z,0125,12.7,252,132,0.20879385413549834,0.8920454545454546,0.2698412698412698,23.25218354988166
24h_06474,24,2025-07-03T00:00:00Z,2025-07-03T18:00:00Z,2025-07-04T18:00:00Z,3km,12.7,252,132,0.2054502408656713,0.8868055555555555,0.2698412698412698,23.25431040056361
24h_06474,24,2025-07-03T00:00:00Z,2025-07-03T18:00:00Z,2025-07-04T18:00:00Z,gnn_csgd,12.7,252,132,0.1861090534718822,0.896780303030303,0.2698412698412698,22.5865723125066
24h_06474,24,2025-07-03T00:00:00Z,2025-07-03T18:00:00Z,2025-07-04T18:00:00Z,025,25.4,252,101,0.25016942318207225,0.805520949445938,0.36507936507936506,23.18833660436401
24h_06474,24,2025-07-03T00:00:00Z,2025-07-03T18:00:00Z,2025-07-04T18:00:00Z,0125,25.4,252,101,0.251317709710851,0.8076847419841322,0.36507936507936506,23.25218354988166
24h_06474,24,2025-07-03T00:00:00Z,2025-07-03T18:00:00Z,2025-07-04T18:00:00Z,3km,25.4,252,101,0.2502212176531456,0.8049308242082487,0.36507936507936506,23.25431040056361
24h_06474,24,2025-07-03T00:00:00Z,2025-07-03T18:00:00Z,2025-07-04T18:00:00Z,gnn_csgd,25.4,252,101,0.23909325872775533,0.8171267457871615,0.36507936507936506,22.5865723125066
24h_06474,24,2025-07-03T00:00:00Z,2025-07-03T18:00:00Z,2025-07-04T18:00:00Z,025,50.8,252,59,0.1914952489099084,0.7871256696232546,0.23412698412698413,23.18833660436401
24h_06474,24,2025-07-03T00:00:00Z,2025-07-03T18:00:00Z,2025-07-04T18:00:00Z,0125,50.8,252,59,0.19150470256655033,0.788267322385176,0.23412698412698413,23.25218354988166
24h_06474,24,2025-07-03T00:00:00Z,2025-07-03T18:00:00Z,2025-07-04T18:00:00Z,3km,50.8,252,59,0.19108006379896325,0.7777289891982084,0.23412698412698413,23.25431040056361
24h_06474,24,2025-07-03T00:00:00Z,2025-07-03T18:00:00Z,2025-07-04T18:00:00Z,gnn_csgd,50.8,252,59,0.19046682465658643,0.8288399051550013,0.23412698412698413,22.5865723125066
24h_06474,24,2025-07-03T00:00:00Z,2025-07-03T18:00:00Z,2025-07-04T18:00:00Z,025,76.2,252,38,0.13846195023896216,0.7851696999508117,0.16666666666666666,23.18833660436401
24h_06474,24,2025-07-03T00:00:00Z,2025-07-03T18:00:00Z,2025-07-04T18:00:00Z,0125,76.2,252,38,0.13793870522044485,0.7856615838662075,0.16666666666666666,23.25218354988166
24h_06474,24,2025-07-03T00:00:00Z,2025-07-03T18:00:00Z,2025-07-04T18:00:00Z,3km,76.2,252,38,0.13860900826182268,0.7706591244466307,0.16666666666666666,23.25431040056361
24h_06474,24,2025-07-03T00:00:00Z,2025-07-03T18:00:00Z,2025-07-04T18:00:00Z,gnn_csgd,76.2,252,38,0.13931416680635134,0.8177570093457944,0.16666666666666666,22.5865723125066
24h_06474,24,2025-07-03T00:00:00Z,2025-07-03T18:00:00Z,2025-07-04T18:00:00Z,025,127.0,252,19,0.07384343875032737,0.7998644680370454,0.07936507936507936,23.18833660436401
24h_06474,24,2025-07-03T00:00:00Z,2025-07-03T18:00:00Z,2025-07-04T18:00:00Z,0125,127.0,252,19,0.07368917548909333,0.8079963858143212,0.07936507936507936,23.25218354988166
24h_06474,24,2025-07-03T00:00:00Z,2025-07-03T18:00:00Z,2025-07-04T18:00:00Z,3km,127.0,252,19,0.07400528854738174,0.7822453128529478,0.07936507936507936,23.25431040056361
24h_06474,24,2025-07-03T00:00:00Z,2025-07-03T18:00:00Z,2025-07-04T18:00:00Z,gnn_csgd,127.0,252,19,0.07421561852196992,0.8468488818613056,0.07936507936507936,22.5865723125066
24h_06475,24,2025-07-04T00:00:00Z,2025-07-04T00:00:00Z,2025-07-05T00:00:00Z,025,12.7,252,133,0.15722106399125466,0.8762873570480824,0.2619047619047619,18.438729734136647
24h_06475,24,2025-07-04T00:00:00Z,2025-07-04T00:00:00Z,2025-07-05T00:00:00Z,0125,12.7,252,133,0.1544321680045726,0.874139129335945,0.2619047619047619,18.35725177108089
24h_06475,24,2025-07-04T00:00:00Z,2025-07-04T00:00:00Z,2025-07-05T00:00:00Z,3km,12.7,252,133,0.15912733031807247,0.855500094774752,0.2619047619047619,18.42217425375654
24h_06475,24,2025-07-04T00:00:00Z,2025-07-04T00:00:00Z,2025-07-05T00:00:00Z,gnn_csgd,12.7,252,133,0.1485652232515504,0.883047956024515,0.2619047619047619,18.03984748727059
24h_06475,24,2025-07-04T00:00:00Z,2025-07-04T00:00:00Z,2025-07-05T00:00:00Z,025,25.4,252,97,0.1748823251144788,0.8349185234452943,0.30952380952380953,18.438729734136647
24h_06475,24,2025-07-04T00:00:00Z,2025-07-04T00:00:00Z,2025-07-05T00:00:00Z,0125,25.4,252,97,0.1741886724211057,0.8298636514798803,0.30952380952380953,18.35725177108089
24h_06475,24,2025-07-04T00:00:00Z,2025-07-04T00:00:00Z,2025-07-05T00:00:00Z,3km,25.4,252,97,0.17498654316620496,0.8210176255404057,0.30952380952380953,18.42217425375654
24h_06475,24,2025-07-04T00:00:00Z,2025-07-04T00:00:00Z,2025-07-05T00:00:00Z,gnn_csgd,25.4,252,97,0.16686369514007174,0.8419022281343532,0.30952380952380953,18.03984748727059
24h_06475,24,2025-07-04T00:00:00Z,2025-07-04T00:00:00Z,2025-07-05T00:00:00Z,025,50.8,252,54,0.12741274541732633,0.8596146651702207,0.1984126984126984,18.438729734136647
24h_06475,24,2025-07-04T00:00:00Z,2025-07-04T00:00:00Z,2025-07-05T00:00:00Z,0125,50.8,252,54,0.12754558702636717,0.8547512158623269,0.1984126984126984,18.35725177108089
24h_06475,24,2025-07-04T00:00:00Z,2025-07-04T00:00:00Z,2025-07-05T00:00:00Z,3km,50.8,252,54,0.12676605803797125,0.8521324354657688,0.1984126984126984,18.42217425375654
24h_06475,24,2025-07-04T00:00:00Z,2025-07-04T00:00:00Z,2025-07-05T00:00:00Z,gnn_csgd,50.8,252,54,0.12317494427035348,0.8677515899738122,0.1984126984126984,18.03984748727059
24h_06475,24,2025-07-04T00:00:00Z,2025-07-04T00:00:00Z,2025-07-05T00:00:00Z,025,76.2,252,39,0.1079503489734973,0.9005657878897315,0.11904761904761904,18.438729734136647
24h_06475,24,2025-07-04T00:00:00Z,2025-07-04T00:00:00Z,2025-07-05T00:00:00Z,0125,76.2,252,39,0.10705917661827573,0.8994823642710966,0.11904761904761904,18.35725177108089
24h_06475,24,2025-07-04T00:00:00Z,2025-07-04T00:00:00Z,2025-07-05T00:00:00Z,3km,76.2,252,39,0.10596412917416648,0.8967136150234741,0.11904761904761904,18.42217425375654
24h_06475,24,2025-07-04T00:00:00Z,2025-07-04T00:00:00Z,2025-07-05T00:00:00Z,gnn_csgd,76.2,252,39,0.10642218105120711,0.9020103527145781,0.11904761904761904,18.03984748727059
24h_06475,24,2025-07-04T00:00:00Z,2025-07-04T00:00:00Z,2025-07-05T00:00:00Z,025,127.0,252,22,0.0763974476804611,0.891897233201581,0.09126984126984126,18.438729734136647
24h_06475,24,2025-07-04T00:00:00Z,2025-07-04T00:00:00Z,2025-07-05T00:00:00Z,0125,127.0,252,22,0.07688102844417492,0.892490118577075,0.09126984126984126,18.35725177108089
24h_06475,24,2025-07-04T00:00:00Z,2025-07-04T00:00:00Z,2025-07-05T00:00:00Z,3km,127.0,252,22,0.07690049293216078,0.8891304347826087,0.09126984126984126,18.42217425375654
24h_06475,24,2025-07-04T00:00:00Z,2025-07-04T00:00:00Z,2025-07-05T00:00:00Z,gnn_csgd,127.0,252,22,0.07699414799352354,0.8928853754940711,0.09126984126984126,18.03984748727059
24h_06476,24,2025-07-04T00:00:00Z,2025-07-04T06:00:00Z,2025-07-05T06:00:00Z,025,12.7,252,118,0.19191416589158364,0.8138755375664053,0.3333333333333333,16.48426295660983
24h_06476,24,2025-07-04T00:00:00Z,2025-07-04T06:00:00Z,2025-07-05T06:00:00Z,0125,12.7,252,118,0.19363645590333162,0.8079939286617759,0.3333333333333333,16.546234980887814
24h_06476,24,2025-07-04T00:00:00Z,2025-07-04T06:00:00Z,2025-07-05T06:00:00Z,3km,12.7,252,118,0.19375220307386137,0.799772324816595,0.3333333333333333,16.569146924176106
24h_06476,24,2025-07-04T00:00:00Z,2025-07-04T06:00:00Z,2025-07-05T06:00:00Z,gnn_csgd,12.7,252,118,0.1802533359672596,0.8303819883632684,0.3333333333333333,16.261221135231747
24h_06476,24,2025-07-04T00:00:00Z,2025-07-04T06:00:00Z,2025-07-05T06:00:00Z,025,25.4,252,87,0.19208680739981548,0.7946360153256705,0.3134920634920635,16.48426295660983
24h_06476,24,2025-07-04T00:00:00Z,2025-07-04T06:00:00Z,2025-07-05T06:00:00Z,0125,25.4,252,87,0.19405323800675853,0.7863462208289794,0.3134920634920635,16.546234980887814
24h_06476,24,2025-07-04T00:00:00Z,2025-07-04T06:00:00Z,2025-07-05T06:00:00Z,3km,25.4,252,87,0.1937833995463361,0.7758272378962034,0.3134920634920635,16.569146924176106
24h_06476,24,2025-07-04T00:00:00Z,2025-07-04T06:00:00Z,2025-07-05T06:00:00Z,gnn_csgd,25.4,252,87,0.1868829166662476,0.8033437826541275,0.3134920634920635,16.261221135231747
24h_06476,24,2025-07-04T00:00:00Z,2025-07-04T06:00:00Z,2025-07-05T06:00:00Z,025,50.8,252,46,0.12363420726698847,0.8440270156184044,0.17857142857142858,16.48426295660983
24h_06476,24,2025-07-04T00:00:00Z,2025-07-04T06:00:00Z,2025-07-05T06:00:00Z,0125,50.8,252,46,0.12435783520584923,0.840227944280287,0.17857142857142858,16.546234980887814
24h_06476,24,2025-07-04T00:00:00Z,2025-07-04T06:00:00Z,2025-07-05T06:00:00Z,3km,50.8,252,46,0.12267095671811837,0.8310468552131701,0.17857142857142858,16.569146924176106
24h_06476,24,2025-07-04T00:00:00Z,2025-07-04T06:00:00Z,2025-07-05T06:00:00Z,gnn_csgd,50.8,252,46,0.12352639427238805,0.857956943858168,0.17857142857142858,16.261221135231747
24h_06476,24,2025-07-04T00:00:00Z,2025-07-04T06:00:00Z,2025-07-05T06:00:00Z,025,76.2,252,30,0.09533919430267708,0.8983483483483483,0.12698412698412698,16.48426295660983
24h_06476,24,2025-07-04T00:00:00Z,2025-07-04T06:00:00Z,2025-07-05T06:00:00Z,0125,76.2,252,30,0.09507438572312228,0.8923423423423423,0.12698412698412698,16.546234980887814
24h_06476,24,2025-07-04T00:00:00Z,2025-07-04T06:00:00Z,2025-07-05T06:00:00Z,3km,76.2,252,30,0.0955480511292088,0.8777777777777778,0.12698412698412698,16.569146924176106
24h_06476,24,2025-07-04T00:00:00Z,2025-07-04T06:00:00Z,2025-07-05T06:00:00Z,gnn_csgd,76.2,252,30,0.0966010448288855,0.8960960960960961,0.12698412698412698,16.261221135231747
24h_06476,24,2025-07-04T00:00:00Z,2025-07-04T06:00:00Z,2025-07-05T06:00:00Z,025,127.0,252,13,0.04805574022740622,0.843257161248793,0.07936507936507936,16.48426295660983
24h_06476,24,2025-07-04T00:00:00Z,2025-07-04T06:00:00Z,2025-07-05T06:00:00Z,0125,127.0,252,13,0.04775009805505827,0.8451882845188284,0.07936507936507936,16.546234980887814
24h_06476,24,2025-07-04T00:00:00Z,2025-07-04T06:00:00Z,2025-07-05T06:00:00Z,3km,127.0,252,13,0.04834327618166192,0.8307048599935629,0.07936507936507936,16.569146924176106
24h_06476,24,2025-07-04T00:00:00Z,2025-07-04T06:00:00Z,2025-07-05T06:00:00Z,gnn_csgd,127.0,252,13,0.048685519022790315,0.8278081750885098,0.07936507936507936,16.261221135231747
24h_06477,24,2025-07-04T00:00:00Z,2025-07-04T12:00:00Z,2025-07-05T12:00:00Z,025,12.7,252,97,0.23046394353443528,0.7154639175257732,0.373015873015873,13.124391082909147
24h_06477,24,2025-07-04T00:00:00Z,2025-07-04T12:00:00Z,2025-07-05T12:00:00Z,0125,12.7,252,97,0.22948435921672825,0.7106085799800466,0.373015873015873,13.129090988019723
24h_06477,24,2025-07-04T00:00:00Z,2025-07-04T12:00:00Z,2025-07-05T12:00:00Z,3km,12.7,252,97,0.2306832184393938,0.7026272031925507,0.373015873015873,13.160088928116807
24h_06477,24,2025-07-04T00:00:00Z,2025-07-04T12:00:00Z,2025-07-05T12:00:00Z,gnn_csgd,12.7,252,97,0.21939658343679433,0.7443964083804456,0.373015873015873,12.849185663797671
24h_06477,24,2025-07-04T00:00:00Z,2025-07-04T12:00:00Z,2025-07-05T12:00:00Z,025,25.4,252,68,0.20353797160581288,0.6975703324808185,0.32142857142857145,13.124391082909147
24h_06477,24,2025-07-04T00:00:00Z,2025-07-04T12:00:00Z,2025-07-05T12:00:00Z,0125,25.4,252,68,0.20324567549078512,0.6865409207161125,0.32142857142857145,13.129090988019723
24h_06477,24,2025-07-04T00:00:00Z,2025-07-04T12:00:00Z,2025-07-05T12:00:00Z,3km,25.4,252,68,0.20359926809414647,0.6763906649616368,0.32142857142857145,13.160088928116807
24h_06477,24,2025-07-04T00:00:00Z,2025-07-04T12:00:00Z,2025-07-05T12:00:00Z,gnn_csgd,25.4,252,68,0.2011006913917538,0.7221067774936062,0.32142857142857145,12.849185663797671
24h_06477,24,2025-07-04T00:00:00Z,2025-07-04T12:00:00Z,2025-07-05T12:00:00Z,025,50.8,252,28,0.10032209150717473,0.696906887755102,0.15476190476190477,13.124391082909147
24h_06477,24,2025-07-04T00:00:00Z,2025-07-04T12:00:00Z,2025-07-05T12:00:00Z,0125,50.8,252,28,0.10003541018512344,0.6870216836734694,0.15476190476190477,13.129090988019723
24h_06477,24,2025-07-04T00:00:00Z,2025-07-04T12:00:00Z,2025-07-05T12:00:00Z,3km,50.8,252,28,0.10010229667695314,0.670280612244898,0.15476190476190477,13.160088928116807
24h_06477,24,2025-07-04T00:00:00Z,2025-07-04T12:00:00Z,2025-07-05T12:00:00Z,gnn_csgd,50.8,252,28,0.10062157426513287,0.720344387755102,0.15476190476190477,12.849185663797671
24h_06477,24,2025-07-04T00:00:00Z,2025-07-04T12:00:00Z,2025-07-05T12:00:00Z,025,76.2,252,9,0.034098998438109915,0.7315957933241883,0.05952380952380952,13.124391082909147
24h_06477,24,2025-07-04T00:00:00Z,2025-07-04T12:00:00Z,2025-07-05T12:00:00Z,0125,76.2,252,9,0.03390875426393961,0.7256515775034293,0.05952380952380952,13.129090988019723
24h_06477,24,2025-07-04T00:00:00Z,2025-07-04T12:00:00Z,2025-07-05T12:00:00Z,3km,76.2,252,9,0.03387643202876548,0.7096479195244627,0.05952380952380952,13.160088928116807
24h_06477,24,2025-07-04T00:00:00Z,2025-07-04T12:00:00Z,2025-07-05T12:00:00Z,gnn_csgd,76.2,252,9,0.034434581909683515,0.7178783721993599,0.05952380952380952,12.849185663797671
24h_06477,24,2025-07-04T00:00:00Z,2025-07-04T12:00:00Z,2025-07-05T12:00:00Z,025,127.0,252,4,0.01581537987088864,0.59375,0.031746031746031744,13.124391082909147
24h_06477,24,2025-07-04T00:00:00Z,2025-07-04T12:00:00Z,2025-07-05T12:00:00Z,0125,127.0,252,4,0.015808075741858902,0.592741935483871,0.031746031746031744,13.129090988019723
24h_06477,24,2025-07-04T00:00:00Z,2025-07-04T12:00:00Z,2025-07-05T12:00:00Z,3km,127.0,252,4,0.01579990805407763,0.5655241935483871,0.031746031746031744,13.160088928116807
24h_06477,24,2025-07-04T00:00:00Z,2025-07-04T12:00:00Z,2025-07-05T12:00:00Z,gnn_csgd,127.0,252,4,0.01584560126567025,0.530241935483871,0.031746031746031744,12.849185663797671
24h_06478,24,2025-07-04T00:00:00Z,2025-07-04T18:00:00Z,2025-07-05T18:00:00Z,025,12.7,252,88,0.19960566478091596,0.8145787139689579,0.2976190476190476,11.845835708753254
24h_06478,24,2025-07-04T00:00:00Z,2025-07-04T18:00:00Z,2025-07-05T18:00:00Z,0125,12.7,252,88,0.19359842864754992,0.8177660753880266,0.2976190476190476,11.644596219981214
24h_06478,24,2025-07-04T00:00:00Z,2025-07-04T18:00:00Z,2025-07-05T18:00:00Z,3km,12.7,252,88,0.19157748097252608,0.819359756097561,0.2976190476190476,11.576431255289698
24h_06478,24,2025-07-04T00:00:00Z,2025-07-04T18:00:00Z,2025-07-05T18:00:00Z,gnn_csgd,12.7,252,88,0.195599495853736,0.8244179600886918,0.2976190476190476,11.77148465213508
24h_06478,24,2025-07-04T00:00:00Z,2025-07-04T18:00:00Z,2025-07-05T18:00:00Z,025,25.4,252,60,0.17525189666138144,0.8046875,0.25396825396825395,11.845835708753254
24h_06478,24,2025-07-04T00:00:00Z,2025-07-04T18:00:00Z,2025-07-05T18:00:00Z,0125,25.4,252,60,0.17043899147321132,0.8103298611111112,0.25396825396825395,11.644596219981214
24h_06478,24,2025-07-04T00:00:00Z,2025-07-04T18:00:00Z,2025-07-05T18:00:00Z,3km,25.4,252,60,0.16891913221472735,0.8098958333333334,0.25396825396825395,11.576431255289698
24h_06478,24,2025-07-04T00:00:00Z,2025-07-04T18:00:00Z,2025-07-05T18:00:00Z,gnn_csgd,25.4,252,60,0.17558554943979188,0.8157986111111111,0.25396825396825395,11.77148465213508
24h_06478,24,2025-07-04T00:00:00Z,2025-07-04T18:00:00Z,2025-07-05T18:00:00Z,025,50.8,252,23,0.08124495685661369,0.8418454528194418,0.11507936507936507,11.845835708753254
24h_06478,24,2025-07-04T00:00:00Z,2025-07-04T18:00:00Z,2025-07-05T18:00:00Z,0125,50.8,252,23,0.07999455202204055,0.8551357509018417,0.11507936507936507,11.644596219981214
24h_06478,24,2025-07-04T00:00:00Z,2025-07-04T18:00:00Z,2025-07-05T18:00:00Z,3km,50.8,252,23,0.07968973716623964,0.8424150370229733,0.11507936507936507,11.576431255289698
24h_06478,24,2025-07-04T00:00:00Z,2025-07-04T18:00:00Z,2025-07-05T18:00:00Z,gnn_csgd,50.8,252,23,0.08236766869732695,0.8492500474653503,0.11507936507936507,11.77148465213508
24h_06478,24,2025-07-04T00:00:00Z,2025-07-04T18:00:00Z,2025-07-05T18:00:00Z,025,76.2,252,11,0.04175994219572326,0.8408147868728781,0.05952380952380952,11.845835708753254
24h_06478,24,2025-07-04T00:00:00Z,2025-07-04T18:00:00Z,2025-07-05T18:00:00Z,0125,76.2,252,11,0.04148014373514296,0.8547717842323651,0.05952380952380952,11.644596219981214
24h_06478,24,2025-07-04T00:00:00Z,2025-07-04T18:00:00Z,2025-07-05T18:00:00Z,3km,76.2,252,11,0.04137318992161557,0.8460958129007922,0.05952380952380952,11.576431255289698
24h_06478,24,2025-07-04T00:00:00Z,2025-07-04T18:00:00Z,2025-07-05T18:00:00Z,gnn_csgd,76.2,252,11,0.04218077733215646,0.8377970577140702,0.05952380952380952,11.77148465213508
24h_06478,24,2025-07-04T00:00:00Z,2025-07-04T18:00:00Z,2025-07-05T18:00:00Z,025,127.0,252,3,0.011793352896173356,0.9384203480589023,0.015873015873015872,11.845835708753254
24h_06478,24,2025-07-04T00:00:00Z,2025-07-04T18:00:00Z,2025-07-05T18:00:00Z,0125,127.0,252,3,0.011766417696262906,0.9518072289156626,0.015873015873015872,11.644596219981214
24h_06478,24,2025-07-04T00:00:00Z,2025-07-04T18:00:00Z,2025-07-05T18:00:00Z,3km,127.0,252,3,0.011733279817904492,0.9518072289156626,0.015873015873015872,11.576431255289698
24h_06478,24,2025-07-04T00:00:00Z,2025-07-04T18:00:00Z,2025-07-05T18:00:00Z,gnn_csgd,127.0,252,3,0.011838670434251122,0.9504685408299867,0.015873015873015872,11.77148465213508
24h_06479,24,2025-07-05T00:00:00Z,2025-07-05T00:00:00Z,2025-07-06T00:00:00Z,025,12.7,252,69,0.13466696267420575,0.8992634830125921,0.23809523809523808,9.947157087959337
24h_06479,24,2025-07-05T00:00:00Z,2025-07-05T00:00:00Z,2025-07-06T00:00:00Z,0125,12.7,252,69,0.1335671670541733,0.8894432565138196,0.23809523809523808,9.841960794890088
24h_06479,24,2025-07-05T00:00:00Z,2025-07-05T00:00:00Z,2025-07-06T00:00:00Z,3km,12.7,252,69,0.13535015810950898,0.8866714183891661,0.23809523809523808,9.902328022232144
24h_06479,24,2025-07-05T00:00:00Z,2025-07-05T00:00:00Z,2025-07-06T00:00:00Z,gnn_csgd,12.7,252,69,0.134902009162633,0.9054407222618199,0.23809523809523808,10.043329175473861
24h_06479,24,2025-07-05T00:00:00Z,2025-07-05T00:00:00Z,2025-07-06T00:00:00Z,025,25.4,252,45,0.12022098027680744,0.8883521202361782,0.19444444444444445,9.947157087959337
24h_06479,24,2025-07-05T00:00:00Z,2025-07-05T00:00:00Z,2025-07-06T00:00:00Z,0125,25.4,252,45,0.11871945689301519,0.8778314546430488,0.19444444444444445,9.841960794890088
24h_06479,24,2025-07-05T00:00:00Z,2025-07-05T00:00:00Z,2025-07-06T00:00:00Z,3km,25.4,252,45,0.11961277606057846,0.8694578636607622,0.19444444444444445,9.902328022232144
24h_06479,24,2025-07-05T00:00:00Z,2025-07-05T00:00:00Z,2025-07-06T00:00:00Z,gnn_csgd,25.4,252,45,0.12251001168414967,0.8973698336017176,0.19444444444444445,10.043329175473861
24h_06479,24,2025-07-05T00:00:00Z,2025-07-05T00:00:00Z,2025-07-06T00:00:00Z,025,50.8,252,20,0.06794680893606664,0.8976293103448276,0.10317460317460317,9.947157087959337
24h_06479,24,2025-07-05T00:00:00Z,2025-07-05T00:00:00Z,2025-07-06T00:00:00Z,0125,50.8,252,20,0.06714990379776449,0.8922413793103449,0.10317460317460317,9.841960794890088
24h_06479,24,2025-07-05T00:00:00Z,2025-07-05T00:00:00Z,2025-07-06T00:00:00Z,3km,50.8,252,20,0.06688067011153782,0.884698275862069,0.10317460317460317,9.902328022232144
24h_06479,24,2025-07-05T00:00:00Z,2025-07-05T00:00:00Z,2025-07-06T00:00:00Z,gnn_csgd,50.8,252,20,0.0697524766944904,0.9088362068965518,0.10317460317460317,10.043329175473861
24h_06479,24,2025-07-05T00:00:00Z,2025-07-05T00:00:00Z,2025-07-06T00:00:00Z,025,76.2,252,11,0.04097841316394961,0.9079592606563561,0.051587301587301584,9.947157087959337
24h_06479,24,2025-07-05T00:00:00Z,2025-07-05T00:00:00Z,2025-07-06T00:00:00Z,0125,76.2,252,11,0.04079283303394852,0.9060731799321011,0.051587301587301584,9.841960794890088
24h_06479,24,2025-07-05T00:00:00Z,2025-07-05T00:00:00Z,2025-07-06T00:00:00Z,3km,76.2,252,11,0.04081251887145706,0.8826857789513392,0.051587301587301584,9.902328022232144
24h_06479,24,2025-07-05T00:00:00Z,2025-07-05T00:00:00Z,2025-07-06T00:00:00Z,gnn_csgd,76.2,252,11,0.04186832817741359,0.9030554507732931,0.051587301587301584,10.043329175473861
24h_06479,24,2025-07-05T00:00:00Z,2025-07-05T00:00:00Z,2025-07-06T00:00:00Z,025,127.0,252,3,0.011724124974894166,0.9745649263721553,0.015873015873015872,9.947157087959337
24h_06479,24,2025-07-05T00:00:00Z,2025-07-05T00:00:00Z,2025-07-06T00:00:00Z,0125,127.0,252,3,0.011710588306604664,0.9705488621151271,0.015873015873015872,9.841960794890088
24h_06479,24,2025-07-05T00:00:00Z,2025-07-05T00:00:00Z,2025-07-06T00:00:00Z,3km,127.0,252,3,0.01169671514882066,0.9759036144578314,0.015873015873015872,9.902328022232144
24h_06479,24,2025-07-05T00:00:00Z,2025-07-05T00:00:00Z,2025-07-06T00:00:00Z,gnn_csgd,127.0,252,3,0.01182462797663479,0.965194109772423,0.015873015873015872,10.043329175473861
24h_06480,24,2025-07-05T00:00:00Z,2025-07-05T06:00:00Z,2025-07-06T06:00:00Z,025,12.7,252,68,0.14876297915673253,0.8599744245524297,0.29365079365079366,9.78478383938178
24h_06480,24,2025-07-05T00:00:00Z,2025-07-05T06:00:00Z,2025-07-06T06:00:00Z,0125,12.7,252,68,0.1487960518562731,0.8453484654731458,0.29365079365079366,9.742492952195649
24h_06480,24,2025-07-05T00:00:00Z,2025-07-05T06:00:00Z,2025-07-06T06:00:00Z,3km,12.7,252,68,0.15068805919043063,0.8331202046035806,0.29365079365079366,9.815382677055238
24h_06480,24,2025-07-05T00:00:00Z,2025-07-05T06:00:00Z,2025-07-06T06:00:00Z,gnn_csgd,12.7,252,68,0.14804295127217793,0.865329283887468,0.29365079365079366,9.866731816108548
24h_06480,24,2025-07-05T00:00:00Z,2025-07-05T06:00:00Z,2025-07-06T06:00:00Z,025,25.4,252,45,0.1244488215316389,0.866129898013956,0.21825396825396826,9.78478383938178
24h_06480,24,2025-07-05T00:00:00Z,2025-07-05T06:00:00Z,2025-07-06T06:00:00Z,0125,25.4,252,45,0.1227457883746886,0.8555018786902845,0.21825396825396826,9.742492952195649
24h_06480,24,2025-07-05T00:00:00Z,2025-07-05T06:00:00Z,2025-07-06T06:00:00Z,3km,25.4,252,45,0.12330348647961026,0.8389694041867954,0.21825396825396826,9.815382677055238
24h_06480,24,2025-07-05T00:00:00Z,2025-07-05T06:00:00Z,2025-07-06T06:00:00Z,gnn_csgd,25.4,252,45,0.1260381415260221,0.8797638217928073,0.21825396825396826,9.866731816108548
24h_06480,24,2025-07-05T00:00:00Z,2025-07-05T06:00:00Z,2025-07-06T06:00:00Z,025,50.8,252,20,0.06840063240521385,0.8948275862068965,0.0992063492063492,9.78478383938178
24h_06480,24,2025-07-05T00:00:00Z,2025-07-05T06:00:00Z,2025-07-06T06:00:00Z,0125,50.8,252,20,0.06752497941653385,0.896551724137931,0.0992063492063492,9.742492952195649
24h_06480,24,2025-07-05T00:00:00Z,2025-07-05T06:00:00Z,2025-07-06T06:00:00Z,3km,50.8,252,20,0.06712261609099962,0.8797413793103448,0.0992063492063492,9.815382677055238
24h_06480,24,2025-07-05T00:00:00Z,2025-07-05T06:00:00Z,2025-07-06T06:00:00Z,gnn_csgd,50.8,252,20,0.07001938455052836,0.9129310344827586,0.0992063492063492,9.866731816108548
24h_06480,24,2025-07-05T00:00:00Z,2025-07-05T06:00:00Z,2025-07-06T06:00:00Z,025,76.2,252,10,0.03741734942108701,0.893801652892562,0.047619047619047616,9.78478383938178
24h_06480,24,2025-07-05T00:00:00Z,2025-07-05T06:00:00Z,2025-07-06T06:00:00Z,0125,76.2,252,10,0.03712024013644253,0.8958677685950414,0.047619047619047616,9.742492952195649
24h_06480,24,2025-07-05T00:00:00Z,2025-07-05T06:00:00Z,2025-07-06T06:00:00Z,3km,76.2,252,10,0.03718263011947186,0.859504132231405,0.047619047619047616,9.815382677055238
24h_06480,24,2025-07-05T00:00:00Z,2025-07-05T06:00:00Z,2025-07-06T06:00:00Z,gnn_csgd,76.2,252,10,0.038122229204755234,0.9,0.047619047619047616,9.866731816108548
24h_06480,24,2025-07-05T00:00:00Z,2025-07-05T06:00:00Z,2025-07-06T06:00:00Z,025,127.0,252,3,0.011719246284048511,0.9772423025435074,0.015873015873015872,9.78478383938178
24h_06480,24,2025-07-05T00:00:00Z,2025-07-05T06:00:00Z,2025-07-06T06:00:00Z,0125,127.0,252,3,0.011691736665299657,0.9772423025435074,0.015873015873015872,9.742492952195649
24h_06480,24,2025-07-05T00:00:00Z,2025-07-05T06:00:00Z,2025-07-06T06:00:00Z,3km,127.0,252,3,0.01169359024325814,0.9772423025435074,0.015873015873015872,9.815382677055238
24h_06480,24,2025-07-05T00:00:00Z,2025-07-05T06:00:00Z,2025-07-06T06:00:00Z,gnn_csgd,127.0,252,3,0.011826700606183314,0.9665327978580991,0.015873015873015872,9.866731816108548
24h_06481,24,2025-07-05T00:00:00Z,2025-07-05T12:00:00Z,2025-07-06T12:00:00Z,025,12.7,252,71,0.16453831757903217,0.8130106606489768,0.2976190476190476,7.34478022759469
24h_06481,24,2025-07-05T00:00:00Z,2025-07-05T12:00:00Z,2025-07-06T12:00:00Z,0125,12.7,252,71,0.1607158459517698,0.8133997354291495,0.2976190476190476,7.232792268851861
24h_06481,24,2025-07-05T00:00:00Z,2025-07-05T12:00:00Z,2025-07-06T12:00:00Z,3km,12.7,252,71,0.16072459030805517,0.8053069800015563,0.2976190476190476,7.254691304036018
24h_06481,24,2025-07-05T00:00:00Z,2025-07-05T12:00:00Z,2025-07-06T12:00:00Z,gnn_csgd,12.7,252,71,0.16331348404503246,0.8234378647576064,0.2976190476190476,7.3673562486784245
24h_06481,24,2025-07-05T00:00:00Z,2025-07-05T12:00:00Z,2025-07-06T12:00:00Z,025,25.4,252,41,0.12009908724017472,0.8105421338573575,0.21428571428571427,7.34478022759469
24h_06481,24,2025-07-05T00:00:00Z,2025-07-05T12:00:00Z,2025-07-06T12:00:00Z,0125,25.4,252,41,0.11746247669626886,0.8156282510692405,0.21428571428571427,7.232792268851861
24h_06481,24,2025-07-05T00:00:00Z,2025-07-05T12:00:00Z,2025-07-06T12:00:00Z,3km,25.4,252,41,0.11721806055882954,0.8002543058605942,0.21428571428571427,7.254691304036018
24h_06481,24,2025-07-05T00:00:00Z,2025-07-05T12:00:00Z,2025-07-06T12:00:00Z,gnn_csgd,25.4,252,41,0.1215139139765721,0.8247601433360305,0.21428571428571427,7.3673562486784245
24h_06481,24,2025-07-05T00:00:00Z,2025-07-05T12:00:00Z,2025-07-06T12:00:00Z,025,50.8,252,13,0.04675490942804156,0.804634695848085,0.07539682539682539,7.34478022759469
24h_06481,24,2025-07-05T00:00:00Z,2025-07-05T12:00:00Z,2025-07-06T12:00:00Z,0125,50.8,252,13,0.04635578050567958,0.8187962664950112,0.07539682539682539,7.232792268851861
24h_06481,24,2025-07-05T00:00:00Z,2025-07-05T12:00:00Z,2025-07-06T12:00:00Z,3km,50.8,252,13,0.04654246302451374,0.7891857096878018,0.07539682539682539,7.254691304036018
24h_06481,24,2025-07-05T00:00:00Z,2025-07-05T12:00:00Z,2025-07-06T12:00:00Z,gnn_csgd,50.8,252,13,0.047053050543039494,0.8403604763437399,0.07539682539682539,7.3673562486784245
24h_06481,24,2025-07-05T00:00:00Z,2025-07-05T12:00:00Z,2025-07-06T12:00:00Z,025,76.2,252,6,0.02267684864907278,0.8529810298102981,0.031746031746031744,7.34478022759469
24h_06481,24,2025-07-05T00:00:00Z,2025-07-05T12:00:00Z,2025-07-06T12:00:00Z,0125,76.2,252,6,0.022496823610254606,0.8563685636856369,0.031746031746031744,7.232792268851861
24h_06481,24,2025-07-05T00:00:00Z,2025-07-05T12:00:00Z,2025-07-06T12:00:00Z,3km,76.2,252,6,0.02258057643984073,0.7865853658536586,0.031746031746031744,7.254691304036018
24h_06481,24,2025-07-05T00:00:00Z,2025-07-05T12:00:00Z,2025-07-06T12:00:00Z,gnn_csgd,76.2,252,6,0.02292966924348836,0.8719512195121951,0.031746031746031744,7.3673562486784245
24h_06481,24,2025-07-05T00:00:00Z,2025-07-05T12:00:00Z,2025-07-06T12:00:00Z,025,127.0,252,0,5.988490095435497e-06,,0.003968253968253968,7.34478022759469
24h_06481,24,2025-07-05T00:00:00Z,2025-07-05T12:00:00Z,2025-07-06T12:00:00Z,0125,127.0,252,0,6.836622447341034e-06,,0.003968253968253968,7.232792268851861
24h_06481,24,2025-07-05T00:00:00Z,2025-07-05T12:00:00Z,2025-07-06T12:00:00Z,3km,127.0,252,0,8.057982693424006e-06,,0.003968253968253968,7.254691304036018
24h_06481,24,2025-07-05T00:00:00Z,2025-07-05T12:00:00Z,2025-07-06T12:00:00Z,gnn_csgd,127.0,252,0,1.790921229060786e-06,,0.003968253968253968,7.3673562486784245
24h_06482,24,2025-07-05T00:00:00Z,2025-07-05T18:00:00Z,2025-07-06T18:00:00Z,025,12.7,252,46,0.1314763214429612,0.8071971295905446,0.25793650793650796,5.898785480751126
24h_06482,24,2025-07-05T00:00:00Z,2025-07-05T18:00:00Z,2025-07-06T18:00:00Z,0125,12.7,252,46,0.1292746955476942,0.8109962009286619,0.25793650793650796,5.821875929394951
24h_06482,24,2025-07-05T00:00:00Z,2025-07-05T18:00:00Z,2025-07-06T18:00:00Z,3km,12.7,252,46,0.12726036263847335,0.8198607007176023,0.25793650793650796,5.780706817031182
24h_06482,24,2025-07-05T00:00:00Z,2025-07-05T18:00:00Z,2025-07-06T18:00:00Z,gnn_csgd,12.7,252,46,0.13084561509107168,0.8169058674546222,0.25793650793650796,5.860715232373484
24h_06482,24,2025-07-05T00:00:00Z,2025-07-05T18:00:00Z,2025-07-06T18:00:00Z,025,25.4,252,19,0.06609203364869723,0.8355545516150892,0.19047619047619047,5.898785480751126
24h_06482,24,2025-07-05T00:00:00Z,2025-07-05T18:00:00Z,2025-07-06T18:00:00Z,0125,25.4,252,19,0.06499610459679916,0.8509148407499435,0.19047619047619047,5.821875929394951
24h_06482,24,2025-07-05T00:00:00Z,2025-07-05T18:00:00Z,2025-07-06T18:00:00Z,3km,25.4,252,19,0.06409448864800625,0.8674045629094195,0.19047619047619047,5.780706817031182
24h_06482,24,2025-07-05T00:00:00Z,2025-07-05T18:00:00Z,2025-07-06T18:00:00Z,gnn_csgd,25.4,252,19,0.06577448517119308,0.8317144793313757,0.19047619047619047,5.860715232373484
24h_06482,24,2025-07-05T00:00:00Z,2025-07-05T18:00:00Z,2025-07-06T18:00:00Z,025,50.8,252,13,0.04733683267688427,0.8091406501448343,0.07142857142857142,5.898785480751126
24h_06482,24,2025-07-05T00:00:00Z,2025-07-05T18:00:00Z,2025-07-06T18:00:00Z,0125,50.8,252,13,0.046889752507070954,0.8236240746700998,0.07142857142857142,5.821875929394951
24h_06482,24,2025-07-05T00:00:00Z,2025-07-05T18:00:00Z,2025-07-06T18:00:00Z,3km,50.8,252,13,0.04666303906273898,0.8397167685870615,0.07142857142857142,5.780706817031182
24h_06482,24,2025-07-05T00:00:00Z,2025-07-05T18:00:00Z,2025-07-06T18:00:00Z,gnn_csgd,50.8,252,13,0.047662147489194576,0.7956227872545865,0.07142857142857142,5.860715232373484
24h_06482,24,2025-07-05T00:00:00Z,2025-07-05T18:00:00Z,2025-07-06T18:00:00Z,025,76.2,252,3,0.011686049105040132,0.785809906291834,0.027777777777777776,5.898785480751126
24h_06482,24,2025-07-05T00:00:00Z,2025-07-05T18:00:00Z,2025-07-06T18:00:00Z,0125,76.2,252,3,0.011659580885616977,0.8152610441767069,0.027777777777777776,5.821875929394951
24h_06482,24,2025-07-05T00:00:00Z,2025-07-05T18:00:00Z,2025-07-06T18:00:00Z,3km,76.2,252,3,0.011690245259255076,0.8125836680053548,0.027777777777777776,5.780706817031182
24h_06482,24,2025-07-05T00:00:00Z,2025-07-05T18:00:00Z,2025-07-06T18:00:00Z,gnn_csgd,76.2,252,3,0.011736462209523933,0.7175368139223561,0.027777777777777776,5.860715232373484
24h_06482,24,2025-07-05T00:00:00Z,2025-07-05T18:00:00Z,2025-07-06T18:00:00Z,025,127.0,252,1,0.003963200102432539,0.5657370517928287,0.007936507936507936,5.898785480751126
24h_06482,24,2025-07-05T00:00:00Z,2025-07-05T18:00:00Z,2025-07-06T18:00:00Z,0125,127.0,252,1,0.003960901161087401,0.649402390438247,0.007936507936507936,5.821875929394951
24h_06482,24,2025-07-05T00:00:00Z,2025-07-05T18:00:00Z,2025-07-06T18:00:00Z,3km,127.0,252,1,0.003961893338246799,0.6374501992031872,0.007936507936507936,5.780706817031182
24h_06482,24,2025-07-05T00:00:00Z,2025-07-05T18:00:00Z,2025-07-06T18:00:00Z,gnn_csgd,127.0,252,1,0.003963249498943229,0.5537848605577689,0.007936507936507936,5.860715232373484
24h_06483,24,2025-07-06T00:00:00Z,2025-07-06T00:00:00Z,2025-07-07T00:00:00Z,025,12.7,252,73,0.1804047046717285,0.7261804545802403,0.2857142857142857,7.049735426198138
24h_06483,24,2025-07-06T00:00:00Z,2025-07-06T00:00:00Z,2025-07-07T00:00:00Z,0125,12.7,252,73,0.1813031063793673,0.7228131935409811,0.2857142857142857,6.9975965619503695
24h_06483,24,2025-07-06T00:00:00Z,2025-07-06T00:00:00Z,2025-07-07T00:00:00Z,3km,12.7,252,73,0.1816280205897724,0.7266396265401392,0.2857142857142857,6.983370873772544
24h_06483,24,2025-07-06T00:00:00Z,2025-07-06T00:00:00Z,2025-07-07T00:00:00Z,gnn_csgd,12.7,252,73,0.1767725804149553,0.7363587663580011,0.2857142857142857,6.872820037524904
24h_06483,24,2025-07-06T00:00:00Z,2025-07-06T00:00:00Z,2025-07-07T00:00:00Z,025,25.4,252,35,0.11493753953592571,0.690717577353522,0.21031746031746032,7.049735426198138
24h_06483,24,2025-07-06T00:00:00Z,2025-07-06T00:00:00Z,2025-07-07T00:00:00Z,0125,25.4,252,35,0.11456859649735829,0.6967741935483871,0.21031746031746032,6.9975965619503695
24h_06483,24,2025-07-06T00:00:00Z,2025-07-06T00:00:00Z,2025-07-07T00:00:00Z,3km,25.4,252,35,0.11563665603922231,0.6938775510204082,0.21031746031746032,6.983370873772544
24h_06483,24,2025-07-06T00:00:00Z,2025-07-06T00:00:00Z,2025-07-07T00:00:00Z,gnn_csgd,25.4,252,35,0.11283506378677896,0.6995391705069124,0.21031746031746032,6.872820037524904
24h_06483,24,2025-07-06T00:00:00Z,2025-07-06T00:00:00Z,2025-07-07T00:00:00Z,025,50.8,252,14,0.049882888372020436,0.7641056422569028,0.11507936507936507,7.049735426198138
24h_06483,24,2025-07-06T00:00:00Z,2025-07-06T00:00:00Z,2025-07-07T00:00:00Z,0125,50.8,252,14,0.048064351919763486,0.8004201680672269,0.11507936507936507,6.9975965619503695
24h_06483,24,2025-07-06T00:00:00Z,2025-07-06T00:00:00Z,2025-07-07T00:00:00Z,3km,50.8,252,14,0.047749521466074384,0.8070228091236494,0.11507936507936507,6.983370873772544
24h_06483,24,2025-07-06T00:00:00Z,2025-07-06T00:00:00Z,2025-07-07T00:00:00Z,gnn_csgd,50.8,252,14,0.05043430992552376,0.7626050420168067,0.11507936507936507,6.872820037524904
24h_06483,24,2025-07-06T00:00:00Z,2025-07-06T00:00:00Z,2025-07-07T00:00:00Z,025,76.2,252,2,0.008014128678539935,0.788,0.031746031746031744,7.049735426198138
24h_06483,24,2025-07-06T00:00:00Z,2025-07-06T00:00:00Z,2025-07-07T00:00:00Z,0125,76.2,252,2,0.007985503548549936,0.864,0.031746031746031744,6.9975965619503695
24h_06483,24,2025-07-06T00:00:00Z,2025-07-06T00:00:00Z,2025-07-07T00:00:00Z,3km,76.2,252,2,0.008052823725074014,0.88,0.031746031746031744,6.983370873772544
24h_06483,24,2025-07-06T00:00:00Z,2025-07-06T00:00:00Z,2025-07-07T00:00:00Z,gnn_csgd,76.2,252,2,0.00790625618197425,0.746,0.031746031746031744,6.872820037524904
24h_06483,24,2025-07-06T00:00:00Z,2025-07-06T00:00:00Z,2025-07-07T00:00:00Z,025,127.0,252,1,0.003957282538497211,0.7410358565737052,0.003968253968253968,7.049735426198138
24h_06483,24,2025-07-06T00:00:00Z,2025-07-06T00:00:00Z,2025-07-07T00:00:00Z,0125,127.0,252,1,0.003943967379846217,0.8446215139442231,0.003968253968253968,6.9975965619503695
24h_06483,24,2025-07-06T00:00:00Z,2025-07-06T00:00:00Z,2025-07-07T00:00:00Z,3km,127.0,252,1,0.003928533357048145,0.900398406374502,0.003968253968253968,6.983370873772544
24h_06483,24,2025-07-06T00:00:00Z,2025-07-06T00:00:00Z,2025-07-07T00:00:00Z,gnn_csgd,127.0,252,1,0.003959269429635303,0.7410358565737052,0.003968253968253968,6.872820037524904
24h_06484,24,2025-07-06T00:00:00Z,2025-07-06T06:00:00Z,2025-07-07T06:00:00Z,025,12.7,252,80,0.20805103852964854,0.667078488372093,0.32142857142857145,7.433914294245015
24h_06484,24,2025-07-06T00:00:00Z,2025-07-06T06:00:00Z,2025-07-07T06:00:00Z,0125,12.7,252,80,0.2078977632571251,0.6678052325581395,0.32142857142857145,7.305918124362893
24h_06484,24,2025-07-06T00:00:00Z,2025-07-06T06:00:00Z,2025-07-07T06:00:00Z,3km,12.7,252,80,0.20786574992231885,0.674781976744186,0.32142857142857145,7.284649360406962
24h_06484,24,2025-07-06T00:00:00Z,2025-07-06T06:00:00Z,2025-07-07T06:00:00Z,gnn_csgd,12.7,252,80,0.20525109410608122,0.6759447674418605,0.32142857142857145,7.284002530031348
24h_06484,24,2025-07-06T00:00:00Z,2025-07-06T06:00:00Z,2025-07-07T06:00:00Z,025,25.4,252,34,0.11453690329603783,0.6382892606583918,0.21428571428571427,7.433914294245015
24h_06484,24,2025-07-06T00:00:00Z,2025-07-06T06:00:00Z,2025-07-07T06:00:00Z,0125,25.4,252,34,0.11292309045387496,0.6525903939557475,0.21428571428571427,7.305918124362893
24h_06484,24,2025-07-06T00:00:00Z,2025-07-06T06:00:00Z,2025-07-07T06:00:00Z,3km,25.4,252,34,0.1136109212030804,0.6567728008634647,0.21428571428571427,7.284649360406962
24h_06484,24,2025-07-06T00:00:00Z,2025-07-06T06:00:00Z,2025-07-07T06:00:00Z,gnn_csgd,25.4,252,34,0.1127841111977329,0.6552887209929843,0.21428571428571427,7.284002530031348
24h_06484,24,2025-07-06T00:00:00Z,2025-07-06T06:00:00Z,2025-07-07T06:00:00Z,025,50.8,252,13,0.04649296972644395,0.7718056002574831,0.1111111111111111,7.433914294245015
24h_06484,24,2025-07-06T00:00:00Z,2025-07-06T06:00:00Z,2025-07-07T06:00:00Z,0125,50.8,252,13,0.04484746279234392,0.810106211779852,0.1111111111111111,7.305918124362893
24h_06484,24,2025-07-06T00:00:00Z,2025-07-06T06:00:00Z,2025-07-07T06:00:00Z,3km,50.8,252,13,0.044815585267778534,0.8075313807531381,0.1111111111111111,7.284649360406962
24h_06484,24,2025-07-06T00:00:00Z,2025-07-06T06:00:00Z,2025-07-07T06:00:00Z,gnn_csgd,50.8,252,13,0.04721524574237224,0.7650466688123592,0.1111111111111111,7.284002530031348
24h_06484,24,2025-07-06T00:00:00Z,2025-07-06T06:00:00Z,2025-07-07T06:00:00Z,025,76.2,252,2,0.007947067621172286,0.784,0.031746031746031744,7.433914294245015
24h_06484,24,2025-07-06T00:00:00Z,2025-07-06T06:00:00Z,2025-07-07T06:00:00Z,0125,76.2,252,2,0.007850538331729016,0.888,0.031746031746031744,7.305918124362893
24h_06484,24,2025-07-06T00:00:00Z,2025-07-06T06:00:00Z,2025-07-07T06:00:00Z,3km,76.2,252,2,0.00791841970275412,0.884,0.031746031746031744,7.284649360406962
24h_06484,24,2025-07-06T00:00:00Z,2025-07-06T06:00:00Z,2025-07-07T06:00:00Z,gnn_csgd,76.2,252,2,0.007865551134711601,0.746,0.031746031746031744,7.284002530031348
24h_06484,24,2025-07-06T00:00:00Z,2025-07-06T06:00:00Z,2025-07-07T06:00:00Z,025,127.0,252,1,0.003955495128349697,0.7609561752988048,0.003968253968253968,7.433914294245015
24h_06484,24,2025-07-06T00:00:00Z,2025-07-06T06:00:00Z,2025-07-07T06:00:00Z,0125,127.0,252,1,0.003940452485903814,0.8764940239043825,0.003968253968253968,7.305918124362893
24h_06484,24,2025-07-06T00:00:00Z,2025-07-06T06:00:00Z,2025-07-07T06:00:00Z,3km,127.0,252,1,0.003928191300645111,0.9083665338645418,0.003968253968253968,7.284649360406962
24h_06484,24,2025-07-06T00:00:00Z,2025-07-06T06:00:00Z,2025-07-07T06:00:00Z,gnn_csgd,127.0,252,1,0.003959413032152163,0.7290836653386454,0.003968253968253968,7.284002530031348
24h_06485,24,2025-07-06T00:00:00Z,2025-07-06T12:00:00Z,2025-07-07T12:00:00Z,025,12.7,252,77,0.2037692375872257,0.6696846011131725,0.34523809523809523,6.755038745409141
24h_06485,24,2025-07-06T00:00:00Z,2025-07-06T12:00:00Z,2025-07-07T12:00:00Z,0125,12.7,252,77,0.204201460391962,0.668200371057514,0.34523809523809523,6.71680738302997
24h_06485,24,2025-07-06T00:00:00Z,2025-07-06T12:00:00Z,2025-07-07T12:00:00Z,3km,12.7,252,77,0.2033811100181744,0.6725788497217069,0.34523809523809523,6.681576597193489
24h_06485,24,2025-07-06T00:00:00Z,2025-07-06T12:00:00Z,2025-07-07T12:00:00Z,gnn_csgd,12.7,252,77,0.20099742271485263,0.678961038961039,0.34523809523809523,6.628213154276914
24h_06485,24,2025-07-06T00:00:00Z,2025-07-06T12:00:00Z,2025-07-07T12:00:00Z,025,25.4,252,31,0.10896177257189243,0.6099839439497884,0.21428571428571427,6.755038745409141
24h_06485,24,2025-07-06T00:00:00Z,2025-07-06T12:00:00Z,2025-07-07T12:00:00Z,0125,25.4,252,31,0.10814401472940952,0.6218070354692745,0.21428571428571427,6.71680738302997
24h_06485,24,2025-07-06T00:00:00Z,2025-07-06T12:00:00Z,2025-07-07T12:00:00Z,3km,25.4,252,31,0.1084165451556819,0.6242884250474383,0.21428571428571427,6.681576597193489
24h_06485,24,2025-07-06T00:00:00Z,2025-07-06T12:00:00Z,2025-07-07T12:00:00Z,gnn_csgd,25.4,252,31,0.10741849607133509,0.6165523281272807,0.21428571428571427,6.628213154276914
24h_06485,24,2025-07-06T00:00:00Z,2025-07-06T12:00:00Z,2025-07-07T12:00:00Z,025,50.8,252,7,0.02606604579267735,0.7358600583090379,0.08333333333333333,6.755038745409141
24h_06485,24,2025-07-06T00:00:00Z,2025-07-06T12:00:00Z,2025-07-07T12:00:00Z,0125,50.8,252,7,0.02564758080425695,0.7755102040816326,0.08333333333333333,6.71680738302997
24h_06485,24,2025-07-06T00:00:00Z,2025-07-06T12:00:00Z,2025-07-07T12:00:00Z,3km,50.8,252,7,0.025329892381888888,0.7708454810495626,0.08333333333333333,6.681576597193489
24h_06485,24,2025-07-06T00:00:00Z,2025-07-06T12:00:00Z,2025-07-07T12:00:00Z,gnn_csgd,50.8,252,7,0.026243957671371682,0.7352769679300292,0.08333333333333333,6.628213154276914
24h_06485,24,2025-07-06T00:00:00Z,2025-07-06T12:00:00Z,2025-07-07T12:00:00Z,025,76.2,252,2,0.007868164129454052,0.794,0.01984126984126984,6.755038745409141
24h_06485,24,2025-07-06T00:00:00Z,2025-07-06T12:00:00Z,2025-07-07T12:00:00Z,0125,76.2,252,2,0.0077385904406200145,0.908,0.01984126984126984,6.71680738302997
24h_06485,24,2025-07-06T00:00:00Z,2025-07-06T12:00:00Z,2025-07-07T12:00:00Z,3km,76.2,252,2,0.007783141448940128,0.906,0.01984126984126984,6.681576597193489
24h_06485,24,2025-07-06T00:00:00Z,2025-07-06T12:00:00Z,2025-07-07T12:00:00Z,gnn_csgd,76.2,252,2,0.007811392972675176,0.794,0.01984126984126984,6.628213154276914
24h_06485,24,2025-07-06T00:00:00Z,2025-07-06T12:00:00Z,2025-07-07T12:00:00Z,025,127.0,252,1,0.003954000831897598,0.7848605577689243,0.003968253968253968,6.755038745409141
24h_06485,24,2025-07-06T00:00:00Z,2025-07-06T12:00:00Z,2025-07-07T12:00:00Z,0125,127.0,252,1,0.0039369949485960455,0.9083665338645418,0.003968253968253968,6.71680738302997
24h_06485,24,2025-07-06T00:00:00Z,2025-07-06T12:00:00Z,2025-07-07T12:00:00Z,3km,127.0,252,1,0.003930541277827237,0.9243027888446215,0.003968253968253968,6.681576597193489
24h_06485,24,2025-07-06T00:00:00Z,2025-07-06T12:00:00Z,2025-07-07T12:00:00Z,gnn_csgd,127.0,252,1,0.003957691117305043,0.852589641434263,0.003968253968253968,6.628213154276914
24h_06486,24,2025-07-06T00:00:00Z,2025-07-06T18:00:00Z,2025-07-07T18:00:00Z,025,12.7,252,80,0.2116392569433097,0.6692587209302325,0.3373015873015873,7.057862933910596
24h_06486,24,2025-07-06T00:00:00Z,2025-07-06T18:00:00Z,2025-07-07T18:00:00Z,0125,12.7,252,80,0.21356366863098847,0.6590116279069768,0.3373015873015873,7.1243301499545515
24h_06486,24,2025-07-06T00:00:00Z,2025-07-06T18:00:00Z,2025-07-07T18:00:00Z,3km,12.7,252,80,0.21306024516510816,0.6648982558139535,0.3373015873015873,7.105762417454843
24h_06486,24,2025-07-06T00:00:00Z,2025-07-06T18:00:00Z,2025-07-07T18:00:00Z,gnn_csgd,12.7,252,80,0.20922708950997837,0.6751453488372093,0.3373015873015873,6.967690725902405
24h_06486,24,2025-07-06T00:00:00Z,2025-07-06T18:00:00Z,2025-07-07T18:00:00Z,025,25.4,252,38,0.12608430915747457,0.6464584358091491,0.23809523809523808,7.057862933910596
24h_06486,24,2025-07-06T00:00:00Z,2025-07-06T18:00:00Z,2025-07-07T18:00:00Z,0125,25.4,252,38,0.126702198104204,0.6346532218396459,0.23809523809523808,7.1243301499545515
24h_06486,24,2025-07-06T00:00:00Z,2025-07-06T18:00:00Z,2025-07-07T18:00:00Z,3km,25.4,252,38,0.1270149199800239,0.6363748155435317,0.23809523809523808,7.105762417454843
24h_06486,24,2025-07-06T00:00:00Z,2025-07-06T18:00:00Z,2025-07-07T18:00:00Z,gnn_csgd,25.4,252,38,0.12614924228036234,0.6499016232169208,0.23809523809523808,6.967690725902405
24h_06486,24,2025-07-06T00:00:00Z,2025-07-06T18:00:00Z,2025-07-07T18:00:00Z,025,50.8,252,7,0.02731925706803411,0.5638483965014577,0.05555555555555555,7.057862933910596
24h_06486,24,2025-07-06T00:00:00Z,2025-07-06T18:00:00Z,2025-07-07T18:00:00Z,0125,50.8,252,7,0.027465052489512053,0.5498542274052478,0.05555555555555555,7.1243301499545515
24h_06486,24,2025-07-06T00:00:00Z,2025-07-06T18:00:00Z,2025-07-07T18:00:00Z,3km,50.8,252,7,0.027628775632011077,0.5533527696793002,0.05555555555555555,7.105762417454843
24h_06486,24,2025-07-06T00:00:00Z,2025-07-06T18:00:00Z,2025-07-07T18:00:00Z,gnn_csgd,50.8,252,7,0.02717484439287788,0.5469387755102041,0.05555555555555555,6.967690725902405
24h_06486,24,2025-07-06T00:00:00Z,2025-07-06T18:00:00Z,2025-07-07T18:00:00Z,025,76.2,252,1,0.004056500857254091,0.450199203187251,0.011904761904761904,7.057862933910596
24h_06486,24,2025-07-06T00:00:00Z,2025-07-06T18:00:00Z,2025-07-07T18:00:00Z,0125,76.2,252,1,0.004071141300728813,0.4820717131474104,0.011904761904761904,7.1243301499545515
24h_06486,24,2025-07-06T00:00:00Z,2025-07-06T18:00:00Z,2025-07-07T18:00:00Z,3km,76.2,252,1,0.004074131885657378,0.5856573705179283,0.011904761904761904,7.105762417454843
24h_06486,24,2025-07-06T00:00:00Z,2025-07-06T18:00:00Z,2025-07-07T18:00:00Z,gnn_csgd,76.2,252,1,0.003986795403154816,0.4820717131474104,0.011904761904761904,6.967690725902405
24h_06486,24,2025-07-06T00:00:00Z,2025-07-06T18:00:00Z,2025-07-07T18:00:00Z,025,127.0,252,0,2.1008537692960215e-06,,0.0,7.057862933910596
24h_06486,24,2025-07-06T00:00:00Z,2025-07-06T18:00:00Z,2025-07-07T18:00:00Z,0125,127.0,252,0,2.5419609676985895e-06,,0.0,7.1243301499545515
24h_06486,24,2025-07-06T00:00:00Z,2025-07-06T18:00:00Z,2025-07-07T18:00:00Z,3km,127.0,252,0,2.90359395404974e-06,,0.0,7.105762417454843
24h_06486,24,2025-07-06T00:00:00Z,2025-07-06T18:00:00Z,2025-07-07T18:00:00Z,gnn_csgd,127.0,252,0,5.473226001402675e-07,,0.0,6.967690725902405
